year,date,category,country,city,event,line
"1965","1 апреля - 31 декабря","foreign","Польша","Варшава","departure","16 час. 15 мин. Л.И. выехал в Варшаву."
"1965","9 июля. пятница","ussr","СССР","Ленинград","stay","Л.И. находился в Ленинграде."
"1965","17 июля. суббота","foreign","Румыния","Бухарест","departure","1 О час. Л.И. во главе делегации отбыл в Бухарест на съезд Румынской рабочей партии."
"1965","25 июля. воскресенье","ussr","СССР","Кишинёв","departure","Л.И. в 13:i:l прибыл в Кишинев, откуда в 18111 вылетел в Москву. Прибыл в 2~. В а[эро] п[орту] беседовал с членами и канЩ:идатами в члены] ПрезиЩиума] ЦК и секр"
"1965","31 июля. суббота","ussr","СССР","Симферополь","departure","1900 - прибыл в Симферополь."
"1965","17 октября. воскресенье","foreign","Чехословакия","Прага","departure","Л.И. прибыл из г. Праги в 16 ч. 50 мин."
"1965","24 октября. воскресенье","ussr","СССР","Киев","stay","Л.И. находился в Киеве по случаю торжеств- вручение «Золотой Звезды» Городу-герою."
"1965","29 октября. nятница","foreign","Польша","Беловежская пуща","stay","Л.И. находился в Беловежской Пуще на перегонорах с Польской делегаt~11еi1."
"1965","13 ноября. суббота","ussr","СССР","Завидово","departure","Л.И. 11 ч. 30 м. уехал в «Завидово>>."
"1965","29 ноября. понедельник","foreign","ГДР","Берлин","stay","В 21!ЮЛ.И. вернулся сам[оле]том из Берлина в Москву."
"1965","20 декабря. nонедельник","ussr","СССР","Завидово","departure","Л.И. вместе с Урхо К. Кекконеном и т. Подгорным Н.В. выехал в Завидово в [[00. в 23211 звонил л.и."
"1966","10 января","ussr","СССР","Ташкент","stay","« ВЧ -грамму» для голосования о командировании в Дели то в. Косыгина А. Н. для сопровождения из Ташкента в Индию тела почившего Премьер-министра JI.Б. Шастри и "
"1966","12 января","foreign","Монголия",None,"stay","Jl.11. находился во главе Партийно-llравитеJН,ственной делегации в Монгольской llародной Рес11убю1ке."
"1966","22 января","ussr","СССР","Завидово","departure","В 1500 уехал в Завидово."
"1966","13 марта","ussr","СССР","Завидово","stay","Л.И. находился в Завидово, где продолжал работу наддокументами предстоящего XXIII"
"1966","26 апреля","ussr","СССР","Ташкент","departure","Вылетел в гор. Ташкент в 11 ;:s."
"1966","27 апреля","ussr","СССР","Узбекистан","stay","Л.И. вместе с то в. Косыгиным A.I-1. находился в Узбекистане (Ташкенте, посетил р[ ай о ]1ш города, пострадавшие от землетрясения, выезжал в р[ ай о ]н Голодной"
"1966","28 апреля","ussr","СССР","Краснодар","departure","В JQOO (м[ осковское] вр[ ем я]) Л.И. из Ташкента вылетел в г. Краснодар, куда прибыли 1 в 1"
"1966","7 мая","ussr","СССР","Заречье","stay","Л.И. находился в «Заречье»."
"1966","10 мая","foreign","Румыния","Бухарест","stay","В 9 ч. ;ш м. Л.И. с аэродрома Внуконо-11 отбыJI в командировку (в Бухарест)."
"1966","17 мая","ussr","СССР","Иркутск","departure","12i2 вылетел в Иркутск."
"1966","19 мая","ussr","СССР","Владивосток","stay","Л.И. - находился во Владивостоке."
"1966","30 мая","foreign","Чехословакия",None,"departure","В 14;ш Л.И. во главе делегации КПСС вылетел в Чехасловакию на XIII съезд КПЧ."
"1966","8 июля","foreign","Румыния","Бухарест","departure","Л.И. вылетел самолето!l-1 из Бухареста в J41!!' (м] щ·ковское 1 вр] ем я 1 ). ( J41!! )."
"1966","17 июля","ussr","СССР","Крым","stay","Л.И. находился на отдыхе в Крыму (Ялта)."
"1966","18 июля","ussr","СССР","Ялта","stay","Л.И. находился на отдыхе в Ялте."
"1966","30 июля","ussr","СССР","Завидово","stay","Л.И.- находился в «Завидово»."
"1966","5 августа","ussr","СССР","Ялта","stay","Л.11. - на отдыхе в Ялте."
"1966","7 августа","ussr","СССР","Крым","stay","Л. И. находился на отдыхе в Крыму."
"1966","8 августа","ussr","СССР","Ялта","stay","JI.И. - на отдыхе в Ялте."
"1966","10 августа","ussr","СССР","Крым","stay","Л.И. находился на отдыхе в Крыму."
"1966","11 августа","ussr","СССР","Ялта","stay","Л. И.- на отдыхе в Ялте."
"1966","4 сентября","ussr","СССР","Завидово","stay","Л.И. - возвратился из «Завндово>> в 1500 звонил в Приемную Л.И."
"1966","16 сентября","ussr","СССР","Заречье","departure","Уехал l4illl в Заречье. l7lli1 самолетом с Внуково- 11 Л.И. отбыл в Киев, прибыл 182!1."
"1966","16 сентября","ussr","СССР","Киев","departure","Уехал l4illl в Заречье. l7lli1 самолетом с Внуково- 11 Л.И. отбыл в Киев, прибыл 182!1."
"1966","19 сентября","foreign","Болгария","София","departure","JI.И. прибыл в стоющу БоJiгарии г. Софию с дружеским визитом."
"1966","22 сентября","foreign","Югославия",None,"departure","18''Л.И. самолетом отбыл из Софии в Югославию."
"1966","22 сентября","foreign","Болгария","София","departure","18''Л.И. самолетом отбыл из Софии в Югославию."
"1966","24 сентября","foreign","Югославия",None,"stay","JI.И. находился в Югославии."
"1966","25 сентября","foreign","Венгрия","Будапешт","departure","Л.И. в 11 ~отбыл самплетом из Бс.пграда, в 12~ прибыл в Будапешт."
"1966","22 октября","ussr","СССР","Завидово","departure","В 1-!00JIJI.- уехал в «Завидово». в 2:зоол.и.- :шoшrJr в Приемную."
"1966","30 октября","ussr","СССР","Тбилиси","stay","Л. И. находился в пути в г. Тбилиси."
"1966","12 ноября","foreign","Болгария","София","departure","J\.11. в J4JJI tю главе делегации ЦК КПСС вылетел на съезд БКП в Софию."
"1966","25 ноября","foreign","Венгрия","Будапешт","departure","В !2оШ Л.11. во главе делепщ11и !lK КПСС с Киевского вокзала отбыл в Будапешт на"
"1967","7 января","ussr","СССР","Донецк","stay","Л.И. находился в гор. Донецке, где выступил с докладом перед активом."
"1967","12 января","ussr","СССР","Горький","stay","Л.И. - находился в г. Горьком, где выстуnил с докладом nеред партактивом."
"1967","14 января","ussr","СССР","Минск","departure","В 22lil сnецпоездом Л.И. nроследовал в гор. Минск через Москву."
"1967","17 января","foreign","Польша","Варшава","departure","Л.И. в 1300 (м[ осковское 1 вр[ емя 1) прибыл с неофиЩ: иальным 1 визитом в Варшаву."
"1967","28 января","ussr","СССР","Завидово","departure","В 12ШЛ.И. и т. Броз Тито отбыли в Завидово."
"1967","3 февраля","foreign","Чехословакия",None,"stay","Л.И. находился в командировке (в Чехословакии)."
"1967","12 февраля","ussr","СССР","Завидово","stay","Л.И. находился в «Завидово»."
"1967","26 марта","ussr","СССР","Заречье","stay","Л.И. находился на даче в Заречье, переговорил по телефону с тт. Полянеким Д. С. и Громыко А.А."
"1967","12 апреля","foreign","ГДР","Берлин","departure","Л.И. во главе делегации ЦК КПСС прибыл на Vll съезд СЕПГ в Берлин ГДР 21 ч. 17 м. моек[ о векого 1 времени."
"1967","22 апреля","foreign","Чехословакия","Карловы Вары","departure","В 223Q по местн[ому] времени Л.И. nоездом выехал в Карловы Вары ЧССР."
"1967","10 мая","foreign","Болгария",None,"departure","Демичев П.Н .. Карпова Е.Ф., Кузнецов В.В.) самолетом вылетел в НРБ."
"1967","21 мая","ussr","СССР","Завидово","stay","~I.!!J Л.И. возвратился из поездки в «Завидово»."
"1967","2 июля. воскресенье а","foreign","Франция","Париж","stay","С 1SJ!I до 05 4/VII ь Л.И. беседовал с тов. Косыгиным А. Н., возвратившимся из 2•неде.льной nоездки в Нью- Йорк, на Кубу. Париж. (Беседа соt.-тоялась на даче у "
"1967","22 июля","ussr","СССР","Ялта","stay","Л.И. - находился в Ялте - на отдыхе."
"1967","25 августа","ussr","СССР","Астрахань","stay","Л.И. на отдыхе в Астрахани."
"1967","28 августа","ussr","СССР","Ялта","stay","Л.И. на отдыхе в Ялте."
"1967","2 сентября","ussr","СССР","Завидово","departure","В 1400 Л.И. выехал в Завндово."
"1967","8 сентября","foreign","Венгрия",None,"stay","Л.И. - находился в ВНР во главе Партийно-nравительственн[ ой 1 делегации."
"1967","9 сентября","ussr","СССР","Завидово","departure","Л.И. в 21зо выехал в Завидово."
"1967","1 октября","ussr","СССР","Киев","stay","Л.И. находился в гор. Киеве."
"1967","2 октября","ussr","СССР","Завидово","stay","JJ.И. находился в Завидово."
"1967","14 октября","ussr","СССР","Волгоград","departure","В 1500 Л. И. выехал на Казанский вокзал, откуда поездом в 1510 направился в Волгоград­ на торжественное открытие монумента Победы на Мамаевом кургане."
"1967","17 октября","ussr","СССР","Завидово","stay","Л.И. находился в «Завндово>>."
"1967","5 ноября","ussr","СССР","Ленинград","departure","Вечером Л.И. отбыл nоездом из г. Ленинграда в г. Москву."
"1967","6 ноября","ussr","СССР","Ленинград","stay","В 950 Л.И. возвратился из поездки в г. Ленинград."
"1967","9 ноября","foreign","Чехословакия",None,"departure","После nереговоров Л.И. выехал в а[ эро ]n[ орт] Внуково-2 nравожать Парт(ийно-] прав[ ительственные] делегации Польши. Болгарии, Чехословакии, а позже с Киевско"
"1967","11 ноября","ussr","СССР","Завидово","stay","Л. И. вмеL'Те с тт. А. Н. Косыгиным и Подгорttым находился в Завидово."
"1967","8 декабря","foreign","Чехословакия","Прага","departure","Л.И. отбыл с визитом в Прагу в 1 Q!IO с Внуково-2."
"1967","17 декабря","ussr","СССР","Завидово","stay","Л.И. находился в Завидово, звонил в Приемную."
"1967","21 декабря","ussr","СССР","Киев","departure","В 2Q!liЛ.И. с Киевского вокзала nоездом выехал в г. Киев."
"1967","30 декабря","ussr","СССР","Завидово","stay","Л.И.- находился в «Завидово»."
"1968","13 января. суббота -","foreign","Польша","Варшава","stay","Л.И. в командировке (в Варшаве)."
"1968","15 января","foreign","ГДР","Берлин","departure","Л.И. в JJ2!! самолетом отбыл из Варшавы в J2J3 прибыл в Берлин."
"1968","29 января","ussr","СССР","Завидово","departure","В 122Q Л.И. вместе с т. А. Дубчеком выехал в Завидово, где в течение дня продолжались переговоры."
"1968","14 февраля","ussr","СССР","Ленинград","departure","В !!1!! отбыл в г. Ленинград на областную п[ арт ]конференцию."
"1968","18 февраля. воскресенье","ussr","СССР","Завидово","stay","В 12iillЛ.И. выезжал в «Завидово», возвратился в 2300."
"1968","23 февраля","foreign","Чехословакия","Прага","departure","В 1213 Л.И. во главе делегации спецсамолетом отбыл из Праги, в 1500 прибыли в Москву аэроnорт Внуково-2."
"1968","24 февраля. суббота- выходной день","ussr","СССР","Завидово","departure","В J2З.О Л. И. с тт. Н.В. Подгорным, А. Н. Косыгиным и др. выехал в Завидово."
"1968","6 марта","foreign","Болгария","София","departure","Л.И. во главе делегации в goo прибыл в Софию."
"1968","12 марта","ussr","СССР","Завидово","departure","В J2®Л.И. выехал в Завидово."
"1968","16 марта. суббота -","ussr","СССР","Завидово","departure","В 11 10 Л.И. с т. Пономаревым Б.Н. выехал в Завидово."
"1968","22 марта","foreign","ГДР","Дрезден","departure","Русакова К. В. и др., вылетел спецсамолетом в Дрезден ( ГДР)."
"1968","2 апреля","ussr","СССР","Завидово","departure","В 12;ш Л.И. с группой т[ овари]щей уехал в командировку (будет работать в Завидово над материалами предстоящего Пленума ЦК КПСС)."
"1968","11 мая. выходной день","ussr","СССР","Заречье","stay","Л.И. находился на даче в «Заречье>>."
"1968","12 июля","foreign","Польша","Варшава","departure","В 16Ы Л.И. уехал в командировку в Варшаву."
"1968","20 июля. суббота","ussr","СССР","Заречье","stay","Л.И. находился на даче в Заречье."
"1968","31 июля","foreign","Чехословакия",None,"stay","Л.И. во главе делегации ЦК КПСС находился в ЧССР В Чиерне-над-Тиссой продолжалась встреча Политбюро ЦК КПСС с Президиумом ЦК КПЧ."
"1968","8 августа","ussr","СССР","Ялта","stay","Л.И. находился на отдыхе в Ялте."
"1968","30 августа","ussr","СССР","Завидово","departure","В 12J!!Л.И. уехал в «Завидово»."
"1968","31 августа. суббота (выходной день)","ussr","СССР","Заречье","stay","В течение дня Л.И. работал наддокументами ( 11а даче в Заречье), а также неоднократно звонил в nриемную."
"1968","7 сентября. суббота","ussr","СССР","Астрахань","stay","Л.И. - находился в Астрахани."
"1968","13 сентября","ussr","СССР","Завидово","departure","В !Зt1Л.И. выехал в «Завидово»."
"1968","5 октября, суббота","ussr","СССР","Завидово","departure","В 14ЫЛ.И. выехал в Завидово."
"1968","7 октября","ussr","СССР","Завидово","departure","В 1700 Л.И. выехал в «Завидово»."
"1968","12 октября. суббота","ussr","СССР","Завидово","departure","В !Sli!Л.И. выехал в Завидово."
"1968","1 ноября","ussr","СССР","Завидово","departure","Косыгиным А. Н., Полянеким Д. С., Кириленко АЛ. и др. вылетел в Завндово."
"1968","9 ноября. суббота","foreign","Польша","Варшава","departure","В 161!! Л.И. во главе партийной делегации ЦК КПСС поездом с Белорусского вокзала отбыл в Варшаву на V съезд ПОРП."
"1968","16 ноября. суббота","ussr","СССР","Брест","departure","В 02!1!! 17 /XI -68 г. Л.И. прибыл спецпоездом наст[ анцию] Брест."
"1968","23 ноября. суббота","ussr","СССР","Завидово","stay","Л.И. находился в «Завидово»."
"1968","8 декабря. воскресенье","ussr","СССР","Киев","departure","В 21 l!i Л.И. во главе делегации КПСС самолетом отбыл из г. Киева."
"1968","14 декабря. суббота","ussr","СССР","Завидово","departure","В 1200Л.И. выехал в «Завндово»."
"1968","21 декабря. суббота","ussr","СССР","Барвиха","stay","Л.И. (по настоятельной рекомендации врачей) находился в клиническом санатории « Барвиха »."
"1968","26 декабря","ussr","СССР","Минск","departure","В l8l.U Л.И. во главе делегации КПСС поездом с Белорусского вокзала отбыл в г. Минск­ на торжества по случаю 50"
"1968","29 декабря. воскресенье","ussr","СССР","Минск","stay","Л.И. во главе делегации КПСС возвратился из Минска."
"1968","31 декабря","ussr","СССР","Барвиха","stay","Л.И. находился в «Барвихе», куда ему были направлены два пакета с наиболее важным1t документами."
"1969","4 января. суббота","ussr","СССР","Завидово","stay","Л.И. находился в «Завидово>>."
"1969","6 января. понеnельник","ussr","СССР","Барвиха","stay","Л. И. находился в «Барвихе», куда ему был наnравлен nакет с наиболее важными ш[ифр]телеграммами и сводкой ТАСС."
"1969","9 января. четверг","ussr","СССР","Завидово","departure","В 1410 ч. выехал в «Завидово»."
"1969","11 января. суббота","ussr","СССР","Барвиха","departure","В 2QJO Л.И. выехал из «Завидово» и в 22ш прибыл в « Барвиху», в 23.1.0 выехал из «Барвихи»на квартиру."
"1969","13 января. понедельник","ussr","СССР","Барвиха","stay","Л. И. находился в санатории «Барвиха»."
"1969","24 января. пятница","ussr","СССР","Завидово","departure","В 113!! Л.И. выехал в Завидово."
"1969","28 января, вторник","ussr","СССР","Барвиха","stay","Л.И. находился в санатории «Барвиха>>."
"1969","31 января. nятница","ussr","СССР","Завидово","departure","В 12;ш ч. выехал в «Завидово>>."
"1969","3 февраля. nонедельник","ussr","СССР","Барвиха","stay","Л.И. находился в санатории «Барвиха>>. Переговорил по телефону с тт. ПолянскимД.С.,"
"1969","5 февраля. среда","ussr","СССР","Барвиха","stay","Л.И. находился в санатории «Барвиха», несколько раз звонил в nриемную, nереговорил по телефону сп. Черненко К. У., Кулаковым Ф.Д. Л.И. наnравлено 2 nа кета с до"
"1969","7 февраля. nятница","ussr","СССР","Завидово","departure","В 1200 Л.И. выехал в «Завидово» для ведения nереговоров с т. Я. Кадаром."
"1969","11 февраля, вторник","ussr","СССР","Барвиха","stay","Л.И. находился в санатории «Барвиха», туда ему наnравлен nакет с ш[ифр]телегр[аммами] и сводки ТАСС."
"1969","14 февраля, nятница","ussr","СССР","Завидово","departure","В 1300 Л.И. выехал в «Завидово»."
"1969","14 марта. пятница","foreign","Венгрия",None,"departure","В 1800 Л.И. во главе nартийно-nравительственной делегации сnецпоездом отбыл с Киевского вокзала в Венгрию на совещание ПКК."
"1969","21 марта. nятница","ussr","СССР","Завидово","departure","В lб;ш ч. Л.И. выехал в «Завидово»."
"1969","3 апреля. четверг","ussr","СССР","Завидово","departure","В 15illi Л.И. уехал в «Завидово>>."
"1969","17 апреля. четверг","ussr","СССР","Завидово","departure","В 191!1 Л.И. выехал в «Завидово»."
"1969","10 мая. суббота","ussr","СССР","Заречье","stay","Л.И. находился на даче в Заречье."
"1969","16 мая. пятница","ussr","СССР","Завидово","departure","Уехал Л.И. в 22;ш в «Завидово» для работы над документами, предстоящего междун[ а родного] совещания комм[унистических] и раб[ очих] партий в Москве."
"1969","31 мая. суббота","ussr","СССР","Заречье","stay","Л.И. работал наддокументами у себя на даче в «Заречье»."
"1969","19 июня. четверг","ussr","СССР","Завидово","departure","Л.И. уехал в 181!1 в «Завидово»."
"1969","29 июня. воскресенье","ussr","СССР","Заречье","departure","В 13UЛ.И. выехал на дачу в «Заречье»."
"1969","29 июня. воскресенье","ussr","СССР","Днепропетровск","departure","В 1600 Л. И. спецпоездом отбыл в гор. Днепропетровск."
"1969","5 июля. суббота","ussr","СССР","Завидово","departure","В 1800 Л.И. выехал в «Завидово»."
"1969","15 июля. вторник","ussr","СССР","Заречье","stay","С утра Л.И. работал наддокументами (на даче в «Заречье»)."
"1969","21 июля. понедельник","foreign","Польша",None,"departure","В goo Л.И. самолетом вылетел в Польшу на празднование 25IИлетия Народной Польши."
"1969","25 июля. nятница","ussr","СССР","Завидово","departure","В 18:;u Л.И. выехал в «Завидово»."
"1969","29 июля. вторник","ussr","СССР","Крым","departure","В 1500Л.И. самолетом с аэроnорта «Внуково-2» отбыл в Крым на отдых."
"1969","1 августа. пятница","ussr","СССР","Ялта","stay","Л.И. находился на отдыхе в Ялте. Днем Л.И. звонил в nриемную."
"1969","15 августа. nятница","ussr","СССР","Крым","stay","Л.И. находился на отдыхе в Крыму (Ялта)."
"1969","16 августа. суббота","ussr","СССР","Ялта","stay","Л.И. находился на отдыхе в Ялте."
"1969","29 августа. nятница","ussr","СССР","Симферополь","departure","Л.И. выехал в 8!!1! из ЯJJты в Симфероnоль, а оттуда в 1 ооо самолетом отбыл в Астрахюн,."
"1969","29 августа. nятница","ussr","СССР","Астрахань","departure","Л.И. выехал в 8!!1! из ЯJJты в Симфероnоль, а оттуда в 1 ооо самолетом отбыл в Астрахюн,."
"1969","1 сентября. nонедельник","ussr","СССР","Ялта","stay","Л. И. находился в Ялте на отдыхе."
"1969","4 сентября. четверг","ussr","СССР","Симферополь","departure","Л.И. в 14~ самолетом отбыл из Симферополя в Москву. В JI)Q!i Л.И. nрибыл во Внуково-2."
"1969","5 сентября. nятница","ussr","СССР","Завидово","departure","В J32i! Л.И. выехал в Завидово."
"1969","19 сентября. пятница","ussr","СССР","Завидово","departure","В 172!1 ч. Л.И. выехал в Завндово."
"1969","1 октября. среда","ussr","СССР","Заречье","stay","В 20:1.0 Jl.И. возвратился на дачу «Заречье»."
"1969","4 октября. суббота","foreign","ГДР","Берлин","stay","Л.И. находился в пути в г. Берлин на торжества по случаю 20-летия ГДР"
"1969","9 октября. четверг","ussr","СССР","Заречье","departure","В 143!! Л. И. выехал в Заречье на дачу."
"1969","11 октября, суббота","ussr","СССР","Завидово","departure","В 151дЛ.И. выехал в «Завидово»."
"1969","12 октября. воскресенье","ussr","СССР","Заречье","stay","В 1300 Л.И. возвратился из «Завидово» на дачу в «Заречье». Звонил в Приемную, nросил nозвонить ему тт. Александрова А. М., Громыко А.А., Русакова К. В."
"1969","15 октября. среда","ussr","СССР","Заречье","stay","Л.И. находился на даче в Заречье."
"1969","22 октября. среда","ussr","СССР","Байконур","departure","17iillJI.И. выехал в аэроnорт Внуково-2, 182!! отбыл самолетом в Байконур."
"1969","24 октября. nятница","ussr","СССР","Заречье","departure","Уехал Л.И. 173JJ. в «Заречье»."
"1969","25 октября. суббота","ussr","СССР","Завидово","departure","В 15JJ!.Л.И. выехал в «Завидово»."
"1969","26 октября. воскресенье","ussr","СССР","Заречье","stay","Л.И. в 13iill возвратился из «Завидово» в «Заречье»."
"1969","27 октября. nонедельник","ussr","СССР","Заречье","stay","В 200!.! Л.И. возвратился в «Заречье»."
"1969","28 октября. вторник","foreign","Чехословакия",None,"departure","Утром Л.И. вместе с тт. Косыгиным А.Н. и Подгорным Н.В. из резиденции, где располагалась Парт[ийно ]-государств[ енная] делегация ЧССР во главе с т. r Гусаком, "
"1969","28 октября. вторник","ussr","СССР","Заречье","departure","Уехал Л. И. в 173!1 в «Заречье»."
"1969","5 ноября. среда","ussr","СССР","Завидово","departure","Уехал Л.И. в 1500 в «Завндово»."
"1969","6 ноября, четверг","ussr","СССР","Заречье","departure","В 121Q ч. Л.И. выехал на дачу в Заречье."
"1969","7 ноября. пятница","ussr","СССР","Завидово","departure","В 172!! Л.И. выехал в «Завидово»."
"1969","8 ноября. суббота","ussr","СССР","Заречье","stay","В 232!! ч. Л.И. возвратился из «Завидово» в «Заречье»."
"1969","14 ноября. nятница","ussr","СССР","Завидово","departure","В 1 &Ш ч. Л.И. с группой товарищей выехал в Завидово для подготовки к 111 съезду колхозников."
"1969","28 ноября. пятница","ussr","СССР","Завидово","departure","Уехал Л. И. 1~ в «Завидово»."
"1969","23 декабря. вторник","ussr","СССР","Заречье","stay","Л.И. находился на даче в «Заречье»."
"1969","27 декабря. <.:Уббота","ussr","СССР","Завидово","departure","В 1210 Л.И. выехал в «Завидово»."
"1970","2 января","ussr","СССР","Завидово","departure","В 1 !ЗDЛ.И. выехал с кв[артиры] в «Завидово»."
"1970","13 января","ussr","СССР","Барвиха","stay","Л.И. находился в «Барвихе», звонил в Приемную. Направлен Л.И. пакет с документами."
"1970","18 января","ussr","СССР","Завидово","departure","Уехал Л.И. 151!! в «Завидово»."
"1970","20 января","ussr","СССР","Барвиха","stay","Л.И. находился в «Барвихе»."
"1970","31 января","ussr","СССР","Завидово","departure","В 12ооч. Л.И. из Барвихи выехал в Завидово."
"1970","2 февраля","ussr","СССР","Барвиха","stay","Л.И. находился в Барвихе."
"1970","6 февраля","ussr","СССР","Завидово","departure","В 12~Л.И. выехал в Завидово."
"1970","9 февраля","ussr","СССР","Барвиха","stay","Л. И. находился в «Барвихе»."
"1970","9 февраля","foreign","Чехословакия","Прага","stay","В J85!! из Праги звонил т. Червоненко С. В. -просил передать, что т. Гусак ГН. • возвратился в Прагу."
"1970","11 февраля","ussr","СССР","Барвиха","stay","Л.И. находился в «Барвихе», куда ему направлено два пакета с документ[ами]."
"1970","13 февраля","ussr","СССР","Завидово","departure","В 14w выехал в «Завидово»."
"1970","21 февраля","ussr","СССР","Заречье","stay","В lбООЛ.И. выезжал на дачу в «Заречье»."
"1970","24 февраля","ussr","СССР","Завидово","departure","В 111!! выехал в Шереметьева и совместно с тт. Косыгиным А. Н., Подгорным Н.В. встречал У.К. Кекконена. В 1300 из Шереметьева выехали в Завидово."
"1970","25 февраля","ussr","СССР","Завидово","stay","Л.И. находился в Завидово."
"1970","28 февраля","ussr","СССР","Заречье","stay","Л.И. находился на даче Заречье."
"1970","8 марта","ussr","СССР","Завидово","stay","Л.И. с груnnой товарищей находился в Завидово. Работали над проектом речи к 1 00-летию"
"1970","14 марта","ussr","СССР","Минск","stay","Л.И. находился в г. Минске."
"1970","17 марта","ussr","СССР","Заречье","departure","Уехал Л.И. в 21l<i в «Заречье>>."
"1970","18 марта","ussr","СССР","Завидово","departure","В 1500 ч. Л.И. выехал в Завидово."
"1970","22 марта","ussr","СССР","Заречье","departure","В 1 &11 прибыл на дачу в «Заречье» 6; направлен пакет с ш[ ифр"
"1970","1 апреля","foreign","Венгрия","Будапешт","departure","В g.~д ч. выехал на Киевский вокзал и во главе с советской партийной делегации выехал в Будапешт."
"1970","1 апреля","ussr","СССР","Киев","departure","В g.~д ч. выехал на Киевский вокзал и во главе с советской партийной делегации выехал в Будапешт."
"1970","1 апреля","foreign","Венгрия","Будапешт","stay","Л.И. находился в поезде на nути в г. Будаnешт ВНР"
"1970","10 апреля","ussr","СССР","Заречье","stay","Л.И. находился на даче в «Заречье», несколько раз звонил в Приемную, переговорил по телефону с тт. Кириленко АЛ., Катушевым К.Ф., Черненко К. У., Русаковым К. В"
"1970","12 апреля","ussr","СССР","Киев","stay","Л.И. работал над речами на ХТЗ и торжествеflном заседании в Харькове (на даче), переговорил по телефону с тт. Кириленко АЛ., Шелест[ ом] П.Е. (Киев), Андроповым"
"1970","12 апреля","ussr","СССР","Харьков","departure","В 1 бШ1 Л.И. выехал с дачи в аэропорт Внуково-2 и оттуда самолетом в 17!!Jl отбыл в Харьков."
"1970","14 апреля","ussr","СССР","Заречье","departure","В 8:.!!! Л.И. из <<Заречья» выехал на аэродром <<Внуково-2», оттуда в 9!Ю самолетом"
"1970","14 апреля","ussr","СССР","Завидово","departure","В 15ifi ч. выехал в Завидово."
"1970","6 мая","foreign","Чехословакия","Прага","stay","Л.И. находился в Праге, после подписания Договора с ЧССР выступил с большой речью на митинге."
"1970","8 мая","ussr","СССР","Завидово","departure","В 20!.1!!J1.И. выехал в «Завидово»."
"1970","16 мая","ussr","СССР","Заречье","stay","Л.И. работал на даче в «Заречье», nереговорил по телефону с тт. Полянеким Д. С.,"
"1970","22 мая","ussr","СССР","Завидово","departure","Уехал Л.И. I&Ш в «Завидово»."
"1970","6 июня","ussr","СССР","Завидово","departure","В 171!) Л.И. выехал в Завидово."
"1970","16 июля","ussr","СССР","Заречье","stay","Л.И. работал на даче в «Заречье» над материалами к nереговорам с Насером."
"1970","18 июля","ussr","СССР","Хабаровск","stay","В lбiJ!! на даче Л.И. nринял тт. Каnитонова И. В., Черного А. К., Подгаева Г. Е. (Хабаровск),"
"1970","24 июля","ussr","СССР","Ялта","stay","Л. И. находился в Ялте на отдыхе."
"1970","27 июля","ussr","СССР","Симферополь","departure","В 16Л Л.И. самолетом отбыл из Симфероnоля в Москву."
"1970","12 августа","ussr","СССР","Ялта","departure","В 2000 Л.И. прибыл в ЦК, 11ри11ЯJI т. KиpиJieiiKO A.fl."
"1970","14 августа","ussr","СССР","Завидово","departure","В 12;ш JI.И. выехал из ЦКБ в «Завидово»."
"1970","26 августа","ussr","СССР","Заречье","departure","В 9Ji! JI.И. выехал из <<Заречья>> в а)·:~ро)порт «Внуково-2», и в !Qllil самолетом во главе"
"1970","26 августа","ussr","СССР","Алма-Ата","departure",":1елегащш JI.И. отбыл в Алма-Ату на торжества 110 случаю 50-летия со дня образования"
"1970","1 сентября","ussr","СССР","Ашхабад","departure","В 14111 Л.И. с соnровождающими тт. самолетом отбыл из Ашхабада и в J62ti nрибыл в Душанбе."
"1970","2 сентября","ussr","СССР","Душанбе","stay","Л.И. находился в г. Душанбе."
"1970","4 сентября","ussr","СССР","Фрунзе","departure","Л.И. находился в г. Фрунзе, в JЗП самолетом Л.И. отбыл в район озера Иссык-Куль (в 1412 нрибыли)."
"1970","8 сентября","ussr","СССР","Ташкент","stay","Л. И. находился в Ташкенте."
"1970","10 сентября","ussr","СССР","Завидово","departure","В J5ШJI.И. выехал в «Завидово>>."
"1970","14 сентября","ussr","СССР","Заречье","stay","Л.И. находился в Заречье."
"1970","19 сентября","ussr","СССР","Завидово","departure","Л.И. в 110!! выехал из «Барсуков>> в «Завидово»."
"1970","22 сентября","ussr","СССР","Заречье","stay","Л.И. находился на даче в «Заречье>>, работал над речью в Баку."
"1970","23 сентября","ussr","СССР","Барвиха","stay","Л.И. находился в <<Барвихе»."
"1970","27 сентября","ussr","СССР","Заречье","stay","В 2220 Л.И. вернулся в Заречье."
"1970","28 сентября","ussr","СССР","Баку","departure","В !700 Л.И. выехал поездом в г. Баку."
"1970","7 октября","ussr","СССР","Байконур","departure","В !бШЛ.И. выехал на аэродром Внуково-2, в lб:ill вылетел на Байконур."
"1970","9 октября","ussr","СССР","Завидово","departure","В 9J!! Л.И. вылетел из Байконуре - в [2i8 приземлилея в Шереметьева и сразу же выехал в Завидово."
"1970","17 октября","ussr","СССР","Завидово","stay","Л.И. находился в Завидово."
"1970","25 октября","ussr","СССР","Заречье","departure","В !ЗЗОЛ.И. выехал на дачу в «Заречье»."
"1970","29 октября","ussr","СССР","Завидово","departure","В 11 ~выехал в Завидово."
"1970","1 ноября","ussr","СССР","Заречье","departure","В 1 (Yzii Л.И. выехал из Завидово и в 12:ы прибыл в Заречье."
"1970","3 ноября","ussr","СССР","Заречье","stay","Л.И. находился на даче в «Заречье>>, несколько раз звонил в nриемную."
"1970","13 ноября","ussr","СССР","Завидово","departure","В 1,510 Л.И. выехал в Завидово."
"1970","14 ноября","ussr","СССР","Заречье","departure","В 2ОЗО Л.И. выехал из «Завидово» в 2200, прибыл на дачу в «Заречье»."
"1970","15 ноября","ussr","СССР","Заречье","departure","Уехал Л.И. в «Заречье б» в lб!Ш."
"1970","20 ноября","foreign","Венгрия",None,"stay","До 1 QJQ Л.И. работал над речами в Венгрии на даче."
"1970","20 ноября","ussr","СССР","Заречье","departure","В 2Q!Ш Л.И. выехал из ЦК на дачу в «Заречье»."
"1970","20 ноября","foreign","Венгрия","Будапешт","departure","В 21~Л.И. сдачи из «Заречья» выехал на Киевский вокзал. откуда rюездом отбыл в Будапешт на Х съезд ВСРП."
"1970","20 ноября","ussr","СССР","Киев","departure","В 21~Л.И. сдачи из «Заречья» выехал на Киевский вокзал. откуда rюездом отбыл в Будапешт на Х съезд ВСРП."
"1970","21 ноября","foreign","Венгрия","Будапешт","stay","Л.И. находился в поезде на пути в Будапешт на Х съезд ВСРП."
"1970","27 ноября","ussr","СССР","Ереван","departure","В 11аzл.И. вылетел из Будапешта в Ереван на мероприятия по случаю 50-летия"
"1970","1 декабря","foreign","ГДР","Берлин","departure","В IЗilii Л.И. вылстел из Еревана. в I7filприбыл в Берлин."
"1970","5 декабря","ussr","СССР","Заречье","stay","Л.И. работал наддокладом на nредстоящем пленуме ЦК КПСС на даче в Заречье."
"1970","11 декабря","ussr","СССР","Завидово","departure","Уехал в Завидово 14!0."
"1970","13 декабря","ussr","СССР","Заречье","departure","В 121.:iЛ.И. выехал из Завидово и в 13!0 приехал в Заречье-б."
"1970","15 декабря","ussr","СССР","Заречье","departure","В 2120Л.И. прибыл на дачу в «Заречье»."
"1970","19 декабря","ussr","СССР","Завидово","departure","В 14ill!Л.И. выехал в «Завидово»."
"1970","27 декабря","ussr","СССР","Заречье","stay","Л. И. находился в Завндово, вернуж:я из Завидово в Заречье-б в 211..2."
"1970","27 декабря","ussr","СССР","Завидово","stay","Л. И. находился в Завндово, вернуж:я из Завидово в Заречье-б в 211..2."
"1971","31 декабря","ussr","СССР","Заречье","stay","JI.И. 1' находился на даче «Заречье»."
"1971","2 января","ussr","СССР","Завидово","departure","В 13;1} выехал в Завидово."
"1971","3 января","ussr","СССР","Заречье","stay","В 23iillJ1.И. возвратился на дачу в «Заречt.е», звонил в r1риемную."
"1971","8 января","ussr","СССР","Завидово","departure","В J8:.Ю Л.И. выехал в Завидово."
"1971","23 января","ussr","СССР","Заречье","departure","В 11:шл.и. выехал из «Завидово» и в J32fl прибыл в «Заречье», звонил в Приемную."
"1971","25 января","ussr","СССР","Заречье","stay","В 21;шЛ.И. возвратился в «Заречье»."
"1971","26 января","ussr","СССР","Завидово","departure","В 192fl Л.И. выехал в Завидово."
"1971","9 февраля","ussr","СССР","Завидово","departure","В 2~Л.И. выехал в «Завидово»."
"1971","24 февраля","ussr","СССР","Завидово","stay","Л.И. находился в Завидово вместе с У.К. Кекконеном."
"1971","4 марта","ussr","СССР","Барвиха","departure","В 213.1 ч. Л.И. выехал из санатория «Барвиха>>."
"1971","5 марта","ussr","СССР","Завидово","departure","В 1 goo выехал в Завидово."
"1971","8 апреля","foreign","Болгария","София","departure","В [[llil Л.И. прибыл в Софию на Х съезд БКП."
"1971","8 апреля","ussr","СССР","Заречье","stay","ЛJ1. работал на даче в «Заречье>>, ЩHIIIЯJJ т. Капитонова И.В., 11ереговорил по телефону с тт. Сусловым М.А .. Кириленко АЛ .. Ll.укановым Г.Э., Александровым А"
"1971","8 апреля","foreign","Польша","Варшава","departure","Л.И. прибыл в ЦК в 1ЗJО. Переговорил по телефону с тт. Катушевым К.Ф., Гречко А.А., т. Гереком- Варшава, Демичевым П.Н., Машеровым П.М. -Минск, Тито- Белград,"
"1971","2 мая","ussr","СССР","Заречье","stay","Jl.И. находился на даче в «Заречье», звонил в Приемную, просил позвонить ему тт. Кириленко АЛ. и Громыко А.А."
"1971","15 мая","ussr","СССР","Тбилиси","departure","В 1635 Л.И. вылетел из Тбилиси в Москву."
"1971","15 мая","ussr","СССР","Заречье","departure","В 1 ~прибыл в «Заречье» на дачу."
"1971","21 мая","ussr","СССР","Завидово","departure","В 17lf>. возвратился в Шереметьева и выехал в Завидово."
"1971","22 мая","ussr","СССР","Заречье","stay","Л.И. возвратился из «Завидово» на дачу в «Заречt,е» в lбilll, несколько раз звонил в приемную, переговорил по телефону с тт. Арбатовым Г.А., Бугаевым БЛ."
"1971","23 мая","ussr","СССР","Заречье","departure","Уехал Л.И. в «Заречье» в 1500."
"1971","24 мая","foreign","Чехословакия","Прага","departure","В 1()20 Л.И. выехал из ЦК в аэропорт Внуково-2 и оттуда самолетом во главе пар[ тийной] делегации отбыл в 10on в Прагу на XIV съезд КПЧ. в 1зоnл.и. прибыл в Пра"
"1971","30 мая","ussr","СССР","Заречье","stay","Л.И. нахошtлся на даче в <<Заречt..е», звotнtJI в приемную, направлено два пакета с :\Оку м[ etпaмtt [, 11роект речи и ltfютокол ПБ от т. Черttенко К.У."
"1971","5 июня","ussr","СССР","Завидово","stay","Л. И. находился в Завндово."
"1971","10 июня","ussr","СССР","Заречье","stay","Л.И. работал на даче в «Заречье», наnравлен пакет с документами."
"1971","14 июня","foreign","ГДР","Берлин","departure","В 162J Л.И. прибыл в Берлин."
"1971","19 июня","ussr","СССР","Заречье","departure","В О'DЛ.И. прибыл на дачу в «Заре%е»."
"1971","30 июня","ussr","СССР","Киев","departure","В 12011 прибыл в ЦК. Переговорил по телефону с т. Шелестом П.Е.- Киев."
"1971","3 июля","ussr","СССР","Завидово","departure","В 151.0 выехал в Завидово."
"1971","7 июля","ussr","СССР","Завидово","departure","Л.И. уехал в Завидово 1 ijiQ."
"1971","12 июля","ussr","СССР","Ялта","stay","Л.И. находится в Ялте."
"1971","23 июля","ussr","СССР","Крым","stay","Л.И. находился в Крыму."
"1971","24 июля","ussr","СССР","Ялта","stay","Л.И. находился в Ялте."
"1971","27 июля","ussr","СССР","Заречье","departure","В 13Шi прибыл на дачу в Заречье."
"1971","28 июля","ussr","СССР","Завидово","departure","В 122!!Л.И. выехал в Завидово- в 1400 прибыл."
"1971","30 июля","ussr","СССР","Заречье","departure","В 9ЗОЛ.И. выехал из Завидово и в 1 (Шi прибыл в Заречье-б."
"1971","31 июля","ussr","СССР","Ялта","stay","Л.И. находился в Ялте на отдыхе."
"1971","5 августа","ussr","СССР","Крым","stay","Л.И. на отдыхе в Крыму."
"1971","6 августа","ussr","СССР","Ялта","stay","Л.И. на отдыхе в Ялте."
"1971","27 августа","ussr","СССР","Завидово","departure","В 13-Ll Л.И. самолетом отбыл из Симферополя, в 1500 прибыл в а[ эро ]nорт Шереметьева 1; оттуда в 15~ выехал в Завидово."
"1971","27 августа","ussr","СССР","Симферополь","departure","В 13-Ll Л.И. самолетом отбыл из Симферополя, в 1500 прибыл в а[ эро ]nорт Шереметьева 1; оттуда в 15~ выехал в Завидово."
"1971","29 августа","ussr","СССР","Завидово","stay","JI.И. находился в Завидово."
"1971","1 сентября","ussr","СССР","Завидово","departure","В 16!ШЛ.И. выехал из ЦК, в !7:Ш приехал в «Завидово»."
"1971","7 сентября","ussr","СССР","Заречье","departure","Уехал JI.И. в 21 00 в Заречье."
"1971","15 сентября","ussr","СССР","Симферополь","departure","Л. И. в 1400 выехал на аэродром Внуково-2, оттуда самолетом отбыл в Симферополь."
"1971","16 сентября","ussr","СССР","Крым","stay","Л.И. находился в Крыму."
"1971","22 сентября","foreign","Югославия","Белград","departure","В 81!1 Л.И. выехал на аэродром Внуково-11 и в 9ti вылетел в Белград с друже<..'Твенным в1tзитом."
"1971","25 сентября","foreign","Венгрия","Будапешт","departure","Л.И. находился в Югославии, в 1700 самолетом прибыл в Будапешт."
"1971","26 сентября","foreign","Болгария","София","departure","В -1700 вылетел из Будапешта в Софию."
"1971","30 сентября","ussr","СССР","Завидово","departure","В 14:ы ч. с группой то в[ арищ]ей выехал в Завидово для подготовки к предстоящей командировке во Францию."
"1971","23 октября","ussr","СССР","Заречье","stay","JI.И. работал на даче в «Заречье», в 9Ш1 звонил в Приемную, переговорил по телефону с тт. Александровым А.М., Громыко А.А."
"1971","25 октября","foreign","Франция","Париж","departure","В 11 :1.ii Л.И. с дачи выехал на а>родром Внуково-Н и в 12:ю вылетел в Париж с офиt<иальным визитом."
"1971","30 октября","foreign","ГДР","Берлин","stay","В 1 ~nрибыли с официальным визитом в Берлин."
"1971","4 ноября","ussr","СССР","Завидово","departure","В 16;юЛ.И. уехал в Завидово."
"1971","24 ноября","ussr","СССР","Завидово","departure","В 1 6Jill Л.И. выехал в Завидово."
"1971","4 декабря","foreign","Польша","Варшава","departure","В J()liJ Jl.И. во главе Парт[ ийно ]-прав[ ительственной] делегации с Белорусского вокзала отбыл на VJ съезд ПОРП в Варшаву."
"1971","21 декабря","ussr","СССР","Завидово","stay","Jl. И. находился в Завидово."
"1971","25 декабря","ussr","СССР","Ленинград","departure","В 150!! Л.И. выехал на аэродром и в 15.!:1 вылетел в Ленинград."
"1972","1 января. суббота а","ussr","СССР","Завидово","departure","В 15.1.QЛ.И. выехал в «Завил.ово»."
"1972","7 января. nятница","ussr","СССР","Завидово","departure","Пepeгoii0[111JI 110 телt~фону с т. Подгорным II.B. в 1600 Л.И. выехал н «Завидово»."
"1972","16 января. воскресенье","ussr","СССР","Заречье","departure","В 151Qч. Л.И. прибыл на дачу «Заречье»."
"1972","22 января. суббота","ussr","СССР","Завидово","stay","JI.И. находился в Завидово."
"1972","23 января. воскресенье","ussr","СССР","Заречье","departure","В 14!!!.! Л.И. из «Завидово>> прибыл tta дачу в «Заречье>>."
"1972","26 января. среда","foreign","Чехословакия","Прага","stay","Л.И. находился в Праге на ПКК."
"1972","27 января. четверг","ussr","СССР","Заречье","stay","В 21!!!.! Л. И. был на даче в «Заречье>>."
"1972","27 января. четверг","ussr","СССР","Завидово","departure","В 1600 ч. Л.И. выехал в Завидово."
"1972","5 февраля, суббота","ussr","СССР","Завидово","stay","Л.И. находился в Завидово."
"1972","6 февраля. воскресенье","ussr","СССР","Заречье","departure","Л.И. находился в «Завидово». В 15iill оттуда выехал, в 17;ш приехал на дачу в «Заречье» .."
"1972","11 февраля. пятница","ussr","СССР","Завидово","departure","В lОШ выехал на похороны маршала Крылова, затем в Шереметьева встречать Я. Кадара и с аэродрома уехал в Завидово."
"1972","13 февраля. воскресенье","ussr","СССР","Завидово","stay","13.11-72. Л.И. находился в Завидово."
"1972","22 февраля. вторник","ussr","СССР","Заречье","departure","В lб:l:i ч. Л.И. прибыл из Завидово в Заречье."
"1972","26 февраля, суббота","ussr","СССР","Завидово","stay","Л.И. находился в Завидово, где велвереговоры с У. Кекконеном."
"1972","7 марта. вторник","ussr","СССР","Заречье","departure","В 1115 Л.И. выехал из «Завидово» в 12iill приехал на дачу в «Заречье», звонил в"
"1972","11 марта, суббота","ussr","СССР","Завидово","stay","Jl.И. находился в Завидово."
"1972","17 марта. пятница","ussr","СССР","Завидово","departure","В 1800 Л.И. выехал в Завидово."
"1972","24 марта. пятница","ussr","СССР","Завидово","departure","В 14Шi выехал в Завидово."
"1972","27 марта, понеде.льник","ussr","СССР","Заречье","departure","В 13J.Q Л.И. прибыл в Заречье."
"1972","31 марта. nятница","ussr","СССР","Завидово","departure","В 13Ш1 выехал в Завндово."
"1972","31 марта. nятница","foreign","Индия",None,"departure","В 9Ш1 Л.И. приехал в ЦК. С 1 О до !З;ы принимал индийскую делегацию во главе с мининделом Индии С. Сингхом, принимали участие Т. Н. Кауль и посол К.Ш. Шелванкар"
"1972","6 апреля. четверг","ussr","СССР","Завидово","departure","В 18З!!Л.И. выехал в Завидово."
"1972","9 апреля. воскресенье","ussr","СССР","Заречье","departure","В 17f& Л.И. выехал из ЦК в Заречье, а оттуда в J8iU в Завидово."
"1972","15 апреля. суббота","ussr","СССР","Завидово","stay","Л.И. находился в Завидово."
"1972","18 апреля. вторник","ussr","СССР","Завидово","departure","В !7:10 Л.И. выехал на дачу, а затем в Завидово."
"1972","18 апреля. вторник","ussr","СССР","Заречье","stay","Л.И. до 1400 работал в «Заречье», на даче, звонил в Приемную- ему доложено, что из"
"1972","18 апреля. вторник","ussr","СССР","Завидово","departure","В 14ШЛ.И. выехал в «Завидово>>."
"1972","18 апреля. вторник","ussr","СССР","Заречье","departure","В ВОО ч. Л.И. выехал из Завидово на дачу в Заречье."
"1972","18 апреля. вторник","ussr","СССР","Заречье","departure","В 17М1 ч. выехал в Заречье на дачу."
"1972","2 мая. вторник","ussr","СССР","Завидово","departure","В 11211 Л.И. выехал в «Завидово»."
"1972","9 мая. вторник","ussr","СССР","Заречье","departure","В !З2>2Л.И. выехал из Зав[ндо]во, в 15~ nрибыл в Заречье."
"1972","13 мая, суббота","ussr","СССР","Завидово","departure","Уехал Л.И. в Завидово в 1410."
"1972","15 июня. четверг","ussr","СССР","Заречье","departure","В J9.Ш выехал из Завидово и 2Qiill прибыл в Заречье· Vl."
"1972","18 июня. воскресенье","ussr","СССР","Заречье","stay","Л.И. находился на даче в «Заречье»."
"1972","22 июня, четверг","ussr","СССР","Завидово","departure","В 1911.! ч. Л.И. выехал в Завидово."
"1972","29 июня. четверг","ussr","СССР","Завидово","departure","()О!! выехал в Резиденцию к Ф. Кастро, оттуда в Звездный городок no программе пребывания Ф. Кастро в СССР в !б!!!!Л.И. выехал из Звездjного] городка в «Завилово"
"1972","5 июля, среда","ussr","СССР","Заречье","departure","В J4llil ч. Л.И. уехал на лачу в Заре%е."
"1972","15 июля. суббота","ussr","СССР","Симферополь","departure","Сfiмфероволь, в [7;!;1 в Симферополь прибыл т. Гусак и 20;ш Л.И. nрибыл в Ливадию )."
"1972","16 июля. воскресенье","ussr","СССР","Крым","stay","Л.И. находился в отnуске в Крыму."
"1972","20 июля. четверг","ussr","СССР","Ялта","stay","Л.И. находился в Ялте, в gы звонил в Приемную, переговорил no телефону с тт. Черненко К.У., Александровым А.М., Нуриевым З.Н., Соколовым Т.И., Гусевым Н.П.,"
"1972","7 августа, nонедельник","ussr","СССР","Симферополь","departure","Л.И. находился в Ялте, переговорилtю телефону с т. Цукановым Г.Э. В l82QЛ.И. отбыл из Симферополя самолетом в Москву, в 181!.! звонил в Приемную с борта самолет"
"1972","7 августа, nонедельник","ussr","СССР","Заречье","departure","Ф., Александровым А. М., Голиковым В.А., Павловым Г. С., Боголюбовым К.М. fi др., tюcJJe беседы Л.И. прибыл на дачу в «Заречье»."
"1972","8 августа. вторник","ussr","СССР","Завидово","departure","21 ч. 30 мин. Л.И. выехал в Завидово."
"1972","24 августа. четверг","ussr","СССР","Кокчетав","departure","В 16.1 О м. Л. И. прибыл в Кокчетав."
"1972","26 августа, суббота","ussr","СССР","Красноярск","departure","В этот же день Л.И. прибыл в г. Красноярск."
"1972","26 августа, суббота","ussr","СССР","Новосибирск","stay","Л.И. находился в Новосибирске."
"1972","1 сентября. пятница","ussr","СССР","Омск","departure","В этот же день Л.И. прибыл в г. Омск."
"1972","2 сентября. суббота","ussr","СССР","Казахстан","departure","-В 18 часов вылетел в Алма-Ату, в 19:Ш прибыл в Казахстан."
"1972","3 сентября. воскресенье","ussr","СССР","Алма-Ата","stay","Л.И. находился в г. Алма-Ата."
"1972","4 сентября. понедельник","ussr","СССР","Ташкент","departure","В 16!0 ч. вылетел в Ташкент."
"1972","6 сентября. среда","ussr","СССР","Завидово","departure","В 18.00 Л.И. выехал в «Завидово»."
"1972","23 сентября. суббота","ussr","СССР","Завидово","departure","В 1200 ч. выехал в Завидово."
"1972","28 ноября. вторник","foreign","Венгрия",None,"stay","Л.И. находится в ВНР"
"1972","3 декабря. воскресенье","ussr","СССР","Киев","departure","В 11.00 советская партийно-правительственная делегация во главе с Л.И. прибыла в Москву на Киевский вокзал (из г. Киева)."
"1972","8 декабря. nятница","ussr","СССР","Баку","stay","(просит приема- находится в гост[инице 1 «Октябрьская», в[ертушкаiЗО-80- директор гост[иницыl), Георгадзе МЛ. (передал nривет и пожелания здоровья от С. Альенде"
"1972","26 декабря. вторник","ussr","СССР","Завидово","departure","12.ш выехал в Завидово."
"1972","31 декабря. воскресенье","ussr","СССР","Заречье","departure","Л.И. в 1ЗШ выехал из Завидово и в 141.0 приехал на дачу в Заречье."
"1973","31 декабря","ussr","СССР","Завидово","stay","Л.И. находится в Завидово."
"1973","10 января. среда","foreign","Египет","Каир","departure","В IIL'iJI.И. выехал в Кремль, где nринял т. А.Н. Косыгина, rrереговорил по телефону с тт. Полянеким Д. С., Виноградовым В.М. (Каир), Бугаевым Б.П.,"
"1973","11 января. четверг","ussr","СССР","Минск","departure","JI.И. из ;щчи направился во Внуково-11, откуда в 1 Qllil самолетом отбыл в Минскмя"
"1973","12 января. пятница","ussr","СССР","Заречье","departure","В 20ы выехал из Внуково-2 на дачу (Заречье) и приехал в 2~."
"1973","13 января. суббота","ussr","СССР","Завидово","departure","В 14:ш Л.И. выехал в Завидово, куда прибыJI в 15;;.:;. До отъезда Л.И. переговорил по телефону с т. Черненко К. У."
"1973","17 января. среда","ussr","СССР","Заречье","departure","В 19;ш Л.И. уехал на дачу в «Заречье>>. Направлен 11акет на дачу."
"1973","19 января. nятница","ussr","СССР","Завидово","departure","В 1320 Л.И. выехал в «Завидово>>."
"1973","30 января. вторник","ussr","СССР","Заречье","departure","В 10аа приехал в Заречье."
"1973","10 февраля. суббота","ussr","СССР","Завидово","departure","В 1 Q.LQ с дачи Л.И. выехал в Завидово."
"1973","19 февраля. nонедельник","foreign","Куба",None,"stay","(Минэлектротехпром), Козлов И.И. (Партком- nросилея на прием к J1.И. для сверки учетной карточки), Никонов ВЛ. (Марийская АССР- хотел доложить об обстановке в р"
"1973","20 февраля. вторник","foreign","Чехословакия","Прага","departure","В 1~Л.И. поездом выехал в Прагу."
"1973","28 февраля. среда","ussr","СССР","Завидово","departure","Л.И. выехал в Завидово в 181\J."
"1973","2 марта. nятница","ussr","СССР","Завидово","departure","В 1530 Л.И. выехал из Кремля и в 1700 nрибыл в Завидово."
"1973","15 марта. четверг","ussr","СССР","Завидово","departure","В lбilli Jl.И. выехал в Завидово и приехал в 17ёJJ1. В Завидово наnравлен пакет с"
"1973","25 марта. воскресенье","ussr","СССР","Заречье","stay","ЛJ1. - работал на даче в «Заречье», несколько раз звонил в Приемную, переговорил по телефону с тт. Боголюбовым К. М., Громыко А.А., Подгорным Н.В."
"1973","4 апреля. среда","ussr","СССР","Завидово","departure","В 14:ЫЛ.И. выехал в «Завидово», куда прибыл в 161'."
"1973","4 апреля. среда","ussr","СССР","Заречье","stay","Л.И. -работал на даче в «Заречье», персговорил 110 телефону с тт. Андроповым Ю.В.,"
"1973","15 апреля. воскресенье","ussr","СССР","Завидово","departure","В 130!1 прибыл в кабинет в Кремле. В 183!1 отбыл в «Завидово»."
"1973","15 апреля. воскресенье","ussr","СССР","Заречье","departure","В 11.:; Л.И. выехал в Москву и в 12:ы приехал в Заречье."
"1973","24 апреля. вторник","ussr","СССР","Завидово","departure","В 11 !> выехал в Завидово, в !32!! на месте."
"1973","24 апреля. вторник","ussr","СССР","Заречье","stay","Л.И. - работал на даче в «Заречье», звонил в Приемную, направлен пакет с документами."
"1973","4 мая. nятница","ussr","СССР","Завидово","departure","В 14.1 О Л.И. отбыл в Завидово, куда прибыл в 15.35."
"1973","11 мая. пятница","foreign","Польша","Варшава","departure","В 9:1:1 Л.И. выехал с дачи в аэроnорт «Внуково l» и в 10!ll вылетел в Варшаву с дружественным визитом в ПНР В 1212 Л.И. nрибыл в Варшаву."
"1973","12 мая. суббота","foreign","ГДР","Берлин","departure","Л И. из Варшавы самолетом прибыл в Берлин ( ГДР)."
"1973","14 мая. nонедельник","ussr","СССР","Заречье","departure","В 2000 Л.И. выехал и в 2()15 nриехал в Заречье."
"1973","18 мая, nятница","foreign","ФРГ",None,"departure","В 9;ш Л.И. из аэропорта Внуково-2 самолетом отбыл с официальным визитом в ФРГ."
"1973","24 мая. четверг","ussr","СССР","Завидово","stay","Л. И. находился t'lll оmы.~е в Завидове."
"1973","16 июня. суббота","foreign","США","Вашингтон","departure","13 1 0'1> ч. во главе делегаrtии вылетел в Вашингтон."
"1973","26 июня. вторник","foreign","Франция","Париж","stay","Л.И. находился в Париже."
"1973","27 июня. среда","ussr","СССР","Заречье","departure","Из Внуково 11 Л.И. выехал в Заречье ( J9iU)."
"1973","1 июля. воскресенье","ussr","СССР","Завидово","departure","В 191U выехал в Завида во и в 21 w нрибыл на место."
"1973","2 июля. nонедельник","ussr","СССР","Заречье","departure","В 14l!.!JJ.И. с «Заречья» выехал в ЦК и nрибыл в 142ii."
"1973","3 июля. вторник","ussr","СССР","Завидово","departure","В 20i!i выехал в Завидово."
"1973","8 июля, воскресенье","ussr","СССР","Заречье","departure","В 12 ч. 25 мин. Л.И. прибыл на дачу в Заречье, звонил в приемную."
"1973","13 июля. пятница","ussr","СССР","Завидово","departure","В 18;:ю Л. И. выехал на дачу и в 191.0 в Завилово."
"1973","18 июля. среда","ussr","СССР","Заречье","departure","В 221ЫЛ.И. выехал в «Заречье>> и приехал в 22:/ii."
"1973","21 июля. суббота","ussr","СССР","Завидово","departure","В J9t!l.l выехаJJ в Завидово и в 2QJ!! прибыл на место."
"1973","24 июля. вторник","ussr","СССР","Киев","departure","В 19.15 Л.И. выехал на Киевский вокзал, в 19 ч. 30 мин. - в Киев."
"1973","27 июля. пятница","ussr","СССР","Крым","departure","В 122!i ч. Л.И. и сопровождающие товарищи самолетом вылетели из Киева в Крым."
"1973","28 июля. суббота","ussr","СССР","Ялта","stay","Л.И. находился в Ялте (Ливадия)."
"1973","29 июля. воскресенье","ussr","СССР","Крым","stay","Л.И. находился в Крыму."
"1973","7 августа, вторник","ussr","СССР","Завидово","departure","В 18 ч. 45 мин. Л.И. выехал в Завидово."
"1973","12 августа. воскресенье","ussr","СССР","Заречье","departure","В 1 SQQ JI.И. выехал из Завидова на дачу в «Заречье», переговорил по те.пефону с тт. Кулаковым Ф.Д., Цукановым Г.Э, звонил в Приемные UK и Кремль несколько раз."
"1973","13 августа. nонедельник","ussr","СССР","Заречье","departure","В 211ЫЛ.И. выехал в «Заречье»."
"1973","14 августа. вторник","ussr","СССР","Алма-Ата","departure","В lll'J выехал во В•tуково-11, затем самоJit•том наr1рав11лся в г. Алма-Ата (в J2D2), куда"
"1973","16 августа. четверг","ussr","СССР","Саратов","departure","JI.И. находИJlСЯ в Алма-Ате, в lбJ!I оттуда самолетом отбыл в Саратов (nрибытие 2000)."
"1973","18 августа. суббота","ussr","СССР","Завидово","departure","В l2;ЫЛ.И. выехал к тон. Я. Кадару(в Барвиху). откуда вместе с ним отправиJJСя в Завидово (в !ЗЫ); nрибыл сюда в 15;ш_"
"1973","21 августа. вторник","ussr","СССР","Заречье","departure","Уехал Л.И. в Заречье в 23J.l."
"1973","22 августа. среда","ussr","СССР","Крым","departure","Из Кремля в [4l.l выехал во Внуково-2. откуда спецсамолетом отбыл в Крым (в J5ili>)."
"1973","23 августа. четверг","ussr","СССР","Ялта","stay","Л.И. находился в Ялте."
"1973","24 августа. пятница","ussr","СССР","Астрахань","departure","Л.И. из Ялты в !2:ill самолетом прибыл в Астрахань."
"1973","26 августа, воскресенье","ussr","СССР","Симферополь","departure","В 1400 вылетел в Ялту;~ самолет nроизвел посадку в Симферополе в J5:ill."
"1973","27 августа, понедельник","ussr","СССР","Ялта","stay","Л.И. находился в Ялте."
"1973","8 сентября. суббота","ussr","СССР","Крым","stay","Л.И. находился в Крыму. По телефону переговорил с тов. Ко<:ыгиным А. Н."
"1973","10 сентября, понедельник","ussr","СССР","Ялта","stay","Л.И. находился в Ялте, звонил в приемную."
"1973","14 сентября, пятница","ussr","СССР","Крым","stay","Л.И. находился в Крыму, по телефону Ileperoвop11Jl с тт. Сусловым М.А .."
"1973","16 сентября, воскресенье","ussr","СССР","Ялта","stay","Л.И. находился в Ялте, по телефону 11ереговорил с тов. Черненко К. У., звониJI в приемную L 11\."
"1973","16 сентября, воскресенье","ussr","СССР","Симферополь","departure","В !Зlll Л. И. выехал из Ялты в СимфероrюJll,, откуда в ISU вылетел в Москву: во Внуково- [["
"1973","18 сентября. вторник","foreign","Болгария",None,"departure","В 9lli!JI.И. отбыл с a[эpojrr[opтj Rнуково-2 с офиttиаJrы•ым визитом в НРБ, в ll:i!lcaмoлeт"
"1973","21 сентября. nятница","ussr","СССР","Ташкент","departure","В 1 Qll! .П.И. вылетел из Соф ни 1\ Ташкент в 15ill IIJШбыл на место."
"1973","26 сентября. среда","ussr","СССР","Завидово","departure","В 171!!Л.И. уехал в «Завидово»."
"1973","2 октября. вторник","ussr","СССР","Заречье","departure","В 22.00 Л.И. отбыл в «Заречье»."
"1973","11 октября. четверг","ussr","СССР","Завидово","departure","В 14.45 Л.И. уехал в Завидово."
"1973","14 октября. воскресенье","ussr","СССР","Заречье","departure","В I4JU прибыл в «Заречье»."
"1973","22 октября, nонедельник","ussr","СССР","Завидово","departure","В !2J!!Л.И. выехал в «Завидово>>."
"1973","27 октября. суббота","ussr","СССР","Завидово","departure","В 1332 ч. вертолетом вылетел в Завидово."
"1973","30 октября. вторник","ussr","СССР","Заречье","departure","В 23:ill Л.И. выехал на дачу в «Заречье>>."
"1973","3 ноября. суббота","ussr","СССР","Завидово","departure","Боголюбовым К.М., в 1320 машинами выехали в <<Завидово». Направлен пакет с документами."
"1973","6 ноября. вторник","ussr","СССР","Заречье","departure","В 11 ч. 25 м. Л.И. вылетел на вертолете из Завидово tt в Заречье прибыл в 12 ч. 02 м."
"1973","6 ноября. вторник","ussr","СССР","Заречье","departure","В 20.35 мин. Л.И. выехал на дачу в Заречье."
"1973","10 ноября, суббота","ussr","СССР","Киев","departure","В 1600 Л. И. nоездом выехал в Киев мя встречи с И.Б. Тито."
"1973","16 ноября. пятница","ussr","СССР","Завидово","departure","В 201.2 Л.И. выехал в Завидово."
"1973","23 ноября. nятница","ussr","СССР","Заречье","departure","В 20JQЛ.И. уехал на дачу в «Заречье»."
"1973","26 ноября. nонедельник","foreign","Индия",None,"stay","Л.И. находился с дружеским визитом в Индии."
"1973","28 ноября. среда","foreign","ГДР","Берлин","departure","В приемную звонил тов. Русаков К. В. (из Берлина), который поздно вечером прибыл самолетом в Москву."
"1973","29 ноября. четверг","foreign","Индия",None,"stay","Л.И. находился в Индии."
"1973","30 ноября. nятница","ussr","СССР","Заречье","departure","В 17.03 Л.И. прибыл во Внуково-11 и в 18.30 на дачу в Заречье."
"1973","1 декабря, суббота","ussr","СССР","Завидово","departure","В 1412Л.И. выехал в Завидово и в 16:1!! прибыл."
"1973","6 декабря. четверг","ussr","СССР","Заречье","departure","В 112nЛ.И. выехал из «Завидово» и приехал в «Заречье» в J3!Ш"
"1973","6 декабря. четверг","ussr","СССР","Заречье","departure","В 21;;оЛ.И. выехал и в 221Q приехал в «Заречье»."
"1973","15 декабря, суббота","ussr","СССР","Завидово","stay","Л.И.- находился в «Завидово», направлен nакет с документами."
"1973","17 декабря, nонедельник","ussr","СССР","Заречье","departure","С утра Л.И. работал в «Завидово>>. В 12 111 Л.И. выехал в Москву и приехал в «Заречье»"
"1973","17 декабря, nонедельник","ussr","СССР","Заречье","departure","В 20;ш выехал в Кремль, из Кремля в 2Jilliyexaл в «Заречье>>."
"1973","31 декабря. понеде.льник","ussr","СССР","Ленинград","stay","Л.И. находился на даче, переговорил по телефону с тт. Громыко А.Л., Романовым ГВ. Ленинград, Андроповым Ю.В., Кунаевым Д.А. А.пма-Ата, Рашидовым Ш.Р. Ташкент,"
"1974","2 января","ussr","СССР","Заречье","stay","Л.И. ,. работал на даче в «Заречье», звонил в Приемные, направлен пакет с документами."
"1974","5 января","ussr","СССР","Завидово","departure","Л.И. в 14.55 выехал в Завндово."
"1974","8 января","ussr","СССР","Заречье","stay","Л.И. работал на даче в «Заречье» провел совешашtе, на котором присутствов(Jлн: тт. Андроnов Ю.В., Громыко А.А., Катушев К.Ф., Русаков К.В., НикифоровД.С."
"1974","14 января","ussr","СССР","Завидово","departure","В lЗJ!.!Л.И. выехал в Кремль и оттуда в «Завидово>>."
"1974","22 января","ussr","СССР","Заречье","stay","СутраЛ.И. работал на даче в «Заречье>>."
"1974","28 января","foreign","Куба",None,"departure","В 81.!!! Л.И. отбыл нз Москвы в Ресnублику Куба с официальным дружеским визитом. f lрибыл в 23~& (время московское)."
"1974","4 февраля","ussr","СССР","Заречье","departure","Л.И. в 11 ч. 25 мин. приехал на дачу в ЗареЧ~>е."
"1974","6 февраля","ussr","СССР","Завидово","departure","В 14J.Q выехал в Завидово."
"1974","10 февраля","ussr","СССР","Заречье","departure","В 19.1 О приехал на дачу в Заречье."
"1974","22 февраля","ussr","СССР","Завидово","departure","Л.И. в 16.40 мин. выехал в «Завидово» и в 18 ч. 40 м. приехал в «Завидово»."
"1974","25 февраля","ussr","СССР","Заречье","departure","Л.И. в 122.2 выехал из «Завидово>> и в 131.5 прибыл на дачу в «Заречье», nерегопор11л по телефону с тт. Черненко К. У., Александровым А.М., Цукановым ГЭ., Русак"
"1974","27 февраля","ussr","СССР","Заречье","departure","В 222!! Л.И. выехал, в 221!! прибыJl на дачу в <<Заречье>>."
"1974","4 марта","ussr","СССР","Воронеж","stay","Воротников В.И. (Воронеж, находится в Москве), Абрасимов П.А., Поиомарев Б.Н. -обо всех доложено."
"1974","8 марта","ussr","СССР","Заречье","stay","Л.И. находился на даче в «Заречье»."
"1974","10 марта","ussr","СССР","Пицунда","departure","В lllЬ Л.И. отбыл в Пицунду д,ля встречи с Ж. Помпиду."
"1974","13 марта","ussr","СССР","Алма-Ата","departure","В 18J2 Л.И. (прибыв из Пиuунды) из Ад,лера отбыл в Сухуми, откуда в 1 ~самолетом вылетел в г. Алма-Ата, где приземлилея в 23li."
"1974","17 марта","ussr","СССР","Завидово","departure","В 112Q ч. выехал в Завидово."
"1974","18 марта","ussr","СССР","Заречье","departure","Л.И. выехал из «Завидово» и в 1410 прибыл на дачу в «Заречье»."
"1974","20 марта","ussr","СССР","Заречье","stay","Л.И. работал до 1800 на даче в «Заречье>>."
"1974","24 марта","ussr","СССР","Завидово","departure","JI.И.- работал в «Завидово», в 13Шi вертоJtстом отбыл оттуда вместе с груnпой товарищей и в 1310 прибыли в «Заре'!Ье»."
"1974","26 марта","ussr","СССР","Заречье","departure","В 222.0 Л.И. уехал на дачу в «Заречье»."
"1974","28 марта","ussr","СССР","Завидово","departure","В 15J!ОЛ.И. выехал в Заречье и в 15iill вертолетом вылетел в Завидово."
"1974","1 апреля","ussr","СССР","Заречье","departure","В 23~ Леонид Ильич уехал на дачу в «Заречt,е»."
"1974","1 апреля","ussr","СССР","Завидово","departure","Уехал JI.И. на дачу в «Заречье» в 1410,3 оттуда вертолетом в 1500 в «Завндово»."
"1974","11 апреля","ussr","СССР","Заречье","departure","В 22:Q Л.И. уехал на дачу в «Заречье», куда прибыл в 221!1."
"1974","15 апреля","foreign","Польша","Варшава","departure","В IS!Ш ч. во главе делегации выехал в Варшаву."
"1974","22 апреля","ussr","СССР","Новороссийск","stay","Трапезниконым С.П., КеJJдышем М.В., Савиftкиным Н.И., Медуновым С.Ф. (находился в Новороссийске), Громыко А.А., Дымшицем В.Э. и др."
"1974","22 апреля","ussr","СССР","Заречье","departure","В 23Шi прибыл в Заречье."
"1974","27 апреля","ussr","СССР","Завидово","departure","В 1300 выехал в Заречье и в 13:ю вертолетом вылетел в Завидово."
"1974","29 апреля","ussr","СССР","Заречье","departure","В 13.15 вертолетом Л.И. отбыл в Москву и в 13.45 приземлилея в «Заречье»."
"1974","30 апреля","ussr","СССР","Заречье","stay","Л.И. работал на даче в «Заречье»."
"1974","1 мая","ussr","СССР","Завидово","departure","Л.И. в 18.00 выехал и в 19.50 11риехал в «Завидово»."
"1974","5 мая","ussr","СССР","Заречье","departure","В 20.05 Л.И. отбыл на дачу в «Заречье>>."
"1974","9 мая","ussr","СССР","Завидово","departure","В 2000 ч. выехал в Завидово. Прибыли в 21 ы ч."
"1974","11 мая","ussr","СССР","Заречье","departure","В 1300 Л. И. отбыл из «Завидово» и в 14~ прибыл на дачу в Заречье. Звонил в приемную в ЦК КПСС (неоднократно)."
"1974","13 мая","foreign","Югославия",None,"stay","Л.И. приняJl тов. Степакона В.И. (1юсол в Югославии)."
"1974","7 июня","ussr","СССР","Завидово","departure","В 19;:;; выехал в Завидово."
"1974","13 июня","ussr","СССР","Заречье","departure","В 122iiЛ.И. выехал (вертолет) из Завидово и в 13111 прибыл в Заречье."
"1974","17 июня","ussr","СССР","Заречье","departure","В 21l!!Л.И. выехал на дачу в «Заречье>>."
"1974","29 июня","ussr","СССР","Симферополь","departure","В 14lil Jl.И. 11 сопровождающие его лица нылстел в Симферополь. В lбlii прилетел в Симфероrюлt,. В 16;ш выехал из Симферополя в J!ивадию и прибыл в 181!!1."
"1974","3 июля","ussr","СССР","Заречье","departure","В 172f!. выехал с аэродрома и прибыл в Заречье в l?J!l."
"1974","4 июля","ussr","СССР","Крым","departure","В 132.1 ч. Л.И. выехал во Внуково 11. В 1400 ч. вылетел спецсамолетом в Крым. В J5Ы ч. самолет приземлилея в Симферополе."
"1974","19 июля","foreign","Польша",None,"departure","В 14lli1 Л.И. выехал в Симферополь и в 1511 выJrетел самолетом в Польшу для участия в торжествах, посвященных 30-летию возрождения Польши."
"1974","23 июля","ussr","СССР","Заречье","departure","В 2210 уехал на дачу в Заречье."
"1974","28 июля","ussr","СССР","Симферополь","departure","В IЗil ч. вылетел сnецсамолетом в Симфероlrолr,."
"1974","30 июля","ussr","СССР","Крым","stay","Л.И. находился в Крыму."
"1974","2 августа","ussr","СССР","Ялта","stay","Л.И. находился на отдыхе в Ялте."
"1974","3 августа","ussr","СССР","Крым","stay","Л.И. находился в Крыму. Ялта."
"1974","18 августа","ussr","СССР","Симферополь","departure","В IЗООЛ.И. отбыл самолетом из Симферополя. в 142J прибыл во Внуково-2."
"1974","19 августа","ussr","СССР","Завидово","departure","В 12Ш! вертолетом вылетел в «Завидово», в 12:ш прибыJr."
"1974","23 августа","ussr","СССР","Астрахань","departure","В 12J:i выехал с дачи на аэродром Внуково-11 в 13Q.1 вылетел и в 140!i прибыл в Астрахань."
"1974","26 августа","ussr","СССР","Заречье","stay","Л.И. -работал на даче в «Заречье», переговорил по телефону с тт. Громыко А.А.,"
"1974","1 сентября","ussr","СССР","Завидово","departure","В 12 ч. 05 м. Л. И. на вертолете вылетел в Завидово."
"1974","6 сентября","ussr","СССР","Новороссийск","departure","Л.И. в 1 QШ1 вылетел в город-герой Новороссийск м я вручения городу ордена Ленина"
"1974","13 сентября","ussr","СССР","Завидово","departure","В 122.1Л.И. выехал в Завидово."
"1974","28 сентября","ussr","СССР","Заречье","departure","Jl.И. 11аходился в Завидово, в 16 ч. 35 мин. прибыл на дачу в Заречье."
"1974","5 октября","foreign","ГДР","Берлин","departure","В 12!.1Л.И. выехал во Внуково-2, откуда самолетом вылетел (в 13:~.;;) в ГДР во главе партийно-правительственной делегации. В li)!J!! Л.И. прибыл в Берлин на аэр"
"1974","10 октября","ussr","СССР","Молдавия","departure","Л.И. -работал на даче, в [{Ш! с а:.родрома Внуково-2 отбыл в Молдавию на"
"1974","11 октября","ussr","СССР","Кишинёв","stay","ЛJ1. находился в г. Кишиневе, где выступил с большой речью на торжественном собрании, llocвящeJIIIOM 50-летию образовают Молдавской ССР и Компартии Молдавии."
"1974","12 октября","ussr","СССР","Молдавия","stay","Jl.ll. находился в Молдавии. fla ра(Jоте были тт. Боголюбов К.М .. Русаков К. В., Блатов А. И."
"1974","13 октября","ussr","СССР","Кишинёв","stay","Л.И. находился в г. Кишиневе."
"1974","19 октября","ussr","СССР","Заречье","departure","Л.И. находился на даче в Заречье. В 1 О ч. 30 м. выехал в Завидово и в 13 ч. 40 мин. нрибыл в Завидово."
"1974","20 октября","ussr","СССР","Завидово","departure","Л.И. находился в Завидово, откуда в 16;ш выехал на дачу."
"1974","24 октября","ussr","СССР","Заречье","departure","В 21ШЛ.И. уехал на дачу в Заречье."
"1974","20 ноября","ussr","СССР","Владивосток","departure","В 23il вылетел спецсамолетом во Владивосток."
"1974","24 ноября","ussr","СССР","Иркутск","departure","В 4.00 25.XI.74 Л.И. вылетел спецсамолетом из Владивостока в Иркутск."
"1974","26 ноября","foreign","Монголия","Улан-Батор","stay","Л.И. находился в Улан-Баторе."
"1974","27 ноября","ussr","СССР","Иркутск","departure","В 1 [\!!!JI.И. и соttровождающие его лица самолетом отбыли из Улан-Батора, в 11~ прttбыли в Иркутск. Вр( ем я] моек[ овское ]."
"1974","27 ноября","ussr","СССР","Заречье","departure","111 приземлились во Внуково-2, где до 2()1!! Л.И. беседовал со встречавшими его товарищами и в 21 !ll! Л.И. приехал на дачу в «Заречье»."
"1974","9 декабря","ussr","СССР","Заречье","stay","Л.И. работал на даче в «Заречье», принял тов. Цуканова Г.Э., переговорил по телефону с тт. Боголюбовым К.М., Чазовым Е.И."
"1974","21 декабря","ussr","СССР","Завидово","departure","В [2JSJ. Л. И. выехал в Завидово."
"1974","23 декабря","ussr","СССР","Заречье","departure","Л.И. находился в «Завидово>>, в 13!Шоттуда выехал и в 14211 прибыл на дачу в «Заречье>>."
"1975","15 марта","foreign","Венгрия","Будапешт","departure","В 1000 Л.И. отбыл в Будапешт по приглашеftИЮ ЦК Венгерской социалистической рабочей парпtи на Xl съезд ВСРП."
"1975","21 марта","ussr","СССР","Заречье","departure","В 19;шЛ.И. выехал в nоликлинику на ул. Грановского 11 в 223!! вернулся в Заре~Н>е."
"1975","17 мая","ussr","СССР","Барвиха","departure","В 2000 Л.И. выехал с Грановского в Барвиху и в 22l!! вернулся 11а ул. Грановского."
"1975","31 мая","ussr","СССР","Заречье","stay","В J8!1!J Л.И. вернулся 11а дачу в «Заречье»."
"1975","15 июня","ussr","СССР","Завидово","departure","В 17 ч. 05 м. Л.И. выехал в Завидово и в 18 ч. 35 мин. прибыл в Завидово."
"1975","19 июня","ussr","СССР","Заречье","stay","Л.И.- работал на даче в «Заречье», 11ереговорил 110 телефону с т. Черненко К.У .. звонил в приемные ЦК и Кремля."
"1975","28 июля","ussr","СССР","Ленинград","departure","В 1500 выехал на Ленинградский вокзал, откуда в 153!1 отбыл в Хельсинки мя участия в заключительном этапе Совещания no безоnасности и сотрудничеству в Евроnе."
"1975","30 июля","foreign","Финляндия","Хельсинки","stay","Л.И. находился в Хельсинки."
"1975","5 августа","ussr","СССР","Заречье","departure","В 16:10 Л.И. выехал на дачу в «Заречье>>."
"1975","6 августа","ussr","СССР","Крым","departure","В 15iОЛ.И. выехал во Внуково-11, откуда самолетом вылетел на отдых в Крым (в lf>O&)."
"1975","1 сентября","ussr","СССР","Завидово","departure","В 11)30- выехал в «Завидово» и прибыл в i70JJ."
"1975","1 сентября","ussr","СССР","Заречье","departure","В 2015Л.И. выехал из «Завидово» и nрибыл в «Заречье» в 22.ш."
"1975","6 сентября","ussr","СССР","Завидово","departure","Утром Л.И. выехал в «Завидово»."
"1975","15 сентября","ussr","СССР","Заречье","stay","В 19::,;; вернулся на дачу в «Заречье»."
"1975","1 октября","ussr","СССР","Завидово","departure","В 1-!ЫЛ.И. выехал в «Завидово>>."
"1975","4 октября","ussr","СССР","Заречье","stay","Л.И. работал наддокументами на даче в «Заречье>>, переговорил по телефону с т. Черненко К. У."
"1975","18 октября","ussr","СССР","Завидово","departure","В 170!!Л.И. выехал в «Завидово». В 18J!!Л.И. приехал на место."
"1975","22 октября","ussr","СССР","Заречье","stay","Л.И. работал на даче в Заречье наддокументами Гlолитбюро, 11ереговорил 110 ТСJJефону с тт. Черненко К.У., Русаковым К. В., Смирновым JJ.B."
"1975","1 ноября","ussr","СССР","Завидово","stay","Л.И. находился в «Завидово»."
"1975","1 ноября","ussr","СССР","Заречье","departure","PS. В 1 б'' выехал из Завидово в Заречье."
"1975","1 ноября","ussr","СССР","Заречье","departure","В 18iШ с дачи выехал в 1\ОЛИКJIИНику и в 20 часов вернулся в Заречье."
"1975","8 ноября","ussr","СССР","Заречье","stay","Л.И. находился на даче в «Заречье», звош1л в Приемную ЦК."
"1975","25 ноября","foreign","Чехословакия",None,"departure",".ш выехал в а':!роnорт Внуково 11 лля нетречи правит] ельственной J делегации ЧССР во гл] аве] с то в. Г Гусаком."
"1975","8 декабря","foreign","Польша",None,"stay","Л.И. находился в Польской Народной рсснубJJике. Rместе с ЧJJснами дсJJег;щии КJICC nрисутствовал на VII съезде ПОРП."
"1975","12 декабря","ussr","СССР","Заречье","stay","Л.И. работал наддокументами на даче н «Заре%е», перетворил по телефону с тт. Черненко К. У"
"1975","14 декабря","foreign","Куба",None,"departure","В 7 ч. 15 мин. выехал во Внуково-11 л.ля пронодон тон. Суслова М.А., убывающего на Кубу л.ля участия в работе i'' съезда компартии Кубы."
"1975","14 декабря","ussr","СССР","Заречье","stay","В 8 ч. 40 мин. Л.И. вернулся на дачу в «Заречье»."
"1975","14 декабря","ussr","СССР","Завидово","departure","В 12 ч. 20 мин. Л.И. выехал в Завидово, куда прибыл в 14 ч. 1 О мин."
"1976","3 января","ussr","СССР","Завидово","departure","В 15.30 мин. Л. И. выехал в «Завидово»."
"1976","16 января","ussr","СССР","Заречье","departure","В 20.ш Л.И. выехал на дачу в «Заречье>>."
"1976","27 января. среда'","ussr","СССР","Завидово","departure","В 12fillЛ.И. выехал в «Завндово>>. Прнбыл в «Завидово» в 14ill."
"1976","31 января. суббота","ussr","СССР","Заречье","stay","Л.И. работал на даче в «Заречье». Переговорил по телефону с тт. Алиевым Г.А.- Баку,"
"1976","10 марта","ussr","СССР","Барвиха","departure","Л.И. в 11Q!) из «Заречья» выехал в «Барвиху» на отдых."
"1976","20 апреля","ussr","СССР","Заречье","departure","Л. И. в 19 ч. 50 мин. выехал на дачу в «Заречье>>."
"1976","20 апреля","ussr","СССР","Завидово","stay","Л.И. находился на даче, выезжал в «Завидово>>."
"1976","26 апреля","ussr","СССР","Заречье","departure","В 19-L2Л.И. выехал на дачу в «ЗареЧ~>е>>."
"1976","21 мая","ussr","СССР","Ленинград","departure","В 1&Ш Л.И. прибыл на рабоrу в Кремль, принял т. Черненко К. У., переговорил по телефону с тт. Андроповым Ю.В., Кулаковым Ф.Д., Романовым ГВ.- Ленинград,"
"1976","22 мая","ussr","СССР","Завидово","departure","В 122!! выехал в «Завидово»."
"1976","26 мая","ussr","СССР","Заречье","stay","Л.И. находился на даче в «Заречье»."
"1976","30 мая","ussr","СССР","Завидово","departure","У. Черненко выехал в «Завидово». Поздно вечером Л.И. возвратился на дачу."
"1976","7 июня","ussr","СССР","Заречье","departure","В 2JiliJЛ.И. выехал на дачу в «Заречье»."
"1976","12 июня","ussr","СССР","Завидово","departure","В IOJliЛ.И. выехал в «Завидово» и nриехал в 12Шi."
"1976","12 июня","ussr","СССР","Заречье","departure","В 21 Jli Л.И. выехал из «Завидово» и прибыл на дачу в «Заречье»- в 232.2."
"1976","13 июня","ussr","СССР","Заречье","stay","Л.И.- находился на даче в «Заречье»."
"1976","27 июня. воскресенье","foreign","ГДР","Берлин","departure","В 1 1 оо вылетел в Берлин на Конференцию коммунистических и рабочих nартий"
"1976","2 июля","ussr","СССР","Завидово","departure","В 182>1Л.И. выехал в «Завидово»."
"1976","3 июля","ussr","СССР","Заречье","departure","Л.И. находился в «Завидово», в 21 ;ш оттуда выехали и в 2300 прибыли на дачу в «Заречье»."
"1976","3 июля","ussr","СССР","Завидово","departure","Л.И. находился в «Завидово», в 21 ;ш оттуда выехали и в 2300 прибыли на дачу в «Заречье»."
"1976","4 июля","ussr","СССР","Волгоград","departure","В 193!! ч. приехал в Кремль. Переговорил no т[ слефо ]ну с тт. Куличе н ко Л.С. Волгоград."
"1976","4 июля","ussr","СССР","Заречье","departure","В 2000 ч. выехал на дачу в «Заречье»."
"1976","10 июля","ussr","СССР","Завидово","departure","В [QJ!!Л.И. выехал в «Завидово»."
"1976","12 июля","ussr","СССР","Заречье","departure","В 1 9J!! Л.И. выехал на стадион им[ ettи] В.И. Jlснина и в 21 ;ю вернулся на дачу в «Заречье»."
"1976","17 июля","ussr","СССР","Симферополь","departure","Л.И. в I7!JJ!. спещюездом прибыл в Симферополь, а в 191:i машиной в Ялту."
"1976","18 июля","ussr","СССР","Ялта","stay","Л.И. находился в Ялте."
"1976","19 июля","ussr","СССР","Крым","stay","Л.И. находился в Крыму, звонил в приемную в UК."
"1976","21 июля","ussr","СССР","Ялта","stay","Л.И. находился на отдыхе в Ялте."
"1976","22 июля","ussr","СССР","Крым","stay","Л.И. находился в Крыму."
"1976","22 августа","ussr","СССР","Астрахань","stay","Л.И. 22-го находился в Астрахани."
"1976","22 августа","ussr","СССР","Крым","stay","23 VIII В 1400 ч. Л.И. возвратился в Крым на дачу."
"1976","29 августа. воскресенье","ussr","СССР","Завидово","departure","В 1505 Л.И. самолетом прибыл в Москву. Находился на даче. В 16iill Л. И. вертолетом отбыл в «Завидово»."
"1976","30 августа","ussr","СССР","Завидово","stay","Л.И. находился в «Завидово», в 14;ы; вертолетом возвратился в «Заречье», звонил в Приемную UK, переговорил по телефону с тт. Черненко К.У., Александровым А.М.,"
"1976","2 сентября","ussr","СССР","Алма-Ата","departure","Л. И. в 1()1!1 с аэродрома Внуково-2 самолетом отбыл в Алма-Ату, в 1402 были на месте."
"1976","10 сентября","ussr","СССР","Завидово","departure","В 11t1Л.И. выехал в «Завидово>>, куда nрибыл в IЗQ.J."
"1976","12 сентября","ussr","СССР","Заречье","departure","В 18;ш Л.И. выехал из «Завидово» 11 в 2QU!1прибыл на дачу в «Заречье»."
"1976","13 сентября","ussr","СССР","Заречье","departure","В 2QJ!! Л. И. выехал на дачу в «Заречье»."
"1976","25 сентября. суббота","ussr","СССР","Завидово","departure","В 1210 Л.И. выехал сдачи в «Завндово», куда приехал в 13~."
"1976","26 сентября","ussr","СССР","Заречье","departure","Л.И. находился в Завндово, откуда выехал в 13 ч. 17 мин. и прибыл на дачу в Заречье в 15 ч. 40 мин."
"1976","26 сентября","ussr","СССР","Завидово","departure","Л.И. находился в Завндово, откуда выехал в 13 ч. 17 мин. и прибыл на дачу в Заречье в 15 ч. 40 мин."
"1976","29 сентября","ussr","СССР","Заречье","departure","В 1~Л.И. выехал на дачу в «Заречье»."
"1976","16 октября","ussr","СССР","Завидово","departure","В 11!0Л.И. сдачи выехал в Завидово."
"1976","18 октября","ussr","СССР","Заречье","stay","До 11 :ю Л.И. работал на даче в «Заречье» над документами. связанными с nриездам парт[ийно ]-правит[ ельственной] делегации МНР, nереговорил по телефону с тт. Ч"
"1976","22 октября","ussr","СССР","Завидово","departure","В 12il1 ч. Л.И. выехал в Завидово."
"1976","23 октября","ussr","СССР","Заречье","departure","В 19.00 выехал из Завидово и в 20 ч. 20 мин. прибыл на дачу в Заречье."
"1976","24 октября","ussr","СССР","Заречье","departure","В 1 ~J!! Л.И. выехал на дачу в «Заре%е»."
"1976","31 октября. воскресенье","ussr","СССР","Завидово","departure","В 1 Qlli! Л.И. выехал в «Завидово»."
"1976","5 ноября","ussr","СССР","Заречье","departure","В 201.0 Л.И. прибыл на дачу в «Заречье»."
"1976","13 ноября","ussr","СССР","Завидово","departure","В lllliЛ.И. выехал в «Завидово»."
"1976","15 ноября","foreign","Югославия","Белград","departure","Югославию. В 93!1 самолет с Л.И. на борту взлетел и взял курс на Белград. В 12;1!) самолет nроизвел nосадку на аэродроме «Белград» в Сурчине, откуда Л.И. отбыл "
"1976","18 ноября","ussr","СССР","Заречье","departure","В 2()20 Л.И. выехал на дачу в «Заречье>>."
"1976","20 ноября","ussr","СССР","Завидово","departure","В 11 :Ш Л.И. выехал в «Завидово»."
"1976","22 ноября","foreign","Румыния",None,"departure","В 13.00 выехал во Внуково-11. откуда в 13 ч. 30 мин. самолетом отбыл с официальным дружественным визитом в Социалистическую Республику Румынию."
"1976","28 ноября","ussr","СССР","Завидово","departure","В 11!Ю выехал в Завидово и в 12 ч. 20 мин. прибыл на место."
"1976","29 ноября","ussr","СССР","Заречье","departure","Л.И. находился в «Завидово>>, в 13:!li оттуда выехал и прибыл на дачу в «Заречье» в 14:ы."
"1976","29 ноября","ussr","СССР","Завидово","departure","Л.И. находился в «Завидово>>, в 13:!li оттуда выехал и прибыл на дачу в «Заречье» в 14:ы."
"1976","30 ноября","ussr","СССР","Заречье","departure","В 20.1.0 Л.И. уехал на дачу в «Заречье>>."
"1976","2 декабря","ussr","СССР","Фрунзе","departure","И. И. Якубовского в Краснознаменном зале ЦДСА f1м[ени] М. В. Фрунзе. В Jбl.O Л.И. из ЦДСА уехал на дачу."
"1976","3 декабря","ussr","СССР","Завидово","departure","В 14iill Jl. И. выехал на дачу и в 151.0 вылетел вертолетом в Завидово."
"1976","6 декабря","ussr","СССР","Заречье","departure","В 2Q2\!Jl.И. уехал на дачу в «Заречье»."
"1976","12 декабря","ussr","СССР","Завидово","departure","В 1220 Л.И. выехал в «Завидово» и в 13:;;; прибыл 11а место."
"1976","12 декабря","ussr","СССР","Заречье","departure","В 22~ Л. И. выехал из «Завидово» и r1рибыл на дачу в «Заречье» в 24®."
"1976","18 декабря. суббота","ussr","СССР","Заречье","departure","В 1SО5Л.И. уехал на дачу в «Заречье»."
"1976","23 декабря","ussr","СССР","Завидово","departure","В 15Шl Л.И. выехал в «Завидово>>."
"1976","30 декабря","ussr","СССР","Заречье","departure","В 20ШЛ.И. выехал на дачу в «Заречье»."
"1977","31 декабря","ussr","СССР","Завидово","departure","В 14.30 выехал в «Завидово», куда nрибыл в 1600."
"1977","13 января","ussr","СССР","Заречье","departure","В 20-!.!.lЛ.И. выехал на дачу в «Заречье»."
"1977","14 января","ussr","СССР","Завидово","departure","В 13;шЛ.И. выехал в «Завидово», в 15 прибыл на место."
"1977","17 января","ussr","СССР","Тула","departure","В !О!ШЛ.И. поездом отбыл в г. Тулу, куда прибыл в !З!lli."
"1977","19 января","ussr","СССР","Заречье","departure","В !8!0 Л.И. уехал на дачу в «Заречье»."
"1977","19 февраля. суббота","ussr","СССР","Завидово","departure","В 12 ч. 20 мин. Л.И. выехал в Завидово и в 13 ч. 40 мин. nрибыл на место."
"1977","21 февраля","ussr","СССР","Заречье","departure","В J2:lli Л.И. выехал из «Завидова» и nрибыл в «Заречье» в 14!&."
"1977","24 февраля","ussr","СССР","Заречье","stay","Л.И. работал на даче в «Заречье», nереговорил no телефону с т. Черненко К. У., 11а дачу наnравлялись материалы к nредстоящему заседанию Политбюро ЦК КПСС."
"1977","12 марта","ussr","СССР","Завидово","departure","Л.И. находился на даче, в 11 Ш1 ч. вертолетом вылетел в Завидово."
"1977","17 марта","ussr","СССР","Заречье","departure","В 18f!!!Л.И. выехал на дачу в «Заречье»."
"1977","19 марта","ussr","СССР","Завидово","departure","В 121.0 вертолетом вылетел в «Завидово» и в 1300 благополучно прибыл."
"1977","19 марта","ussr","СССР","Заречье","stay","В час ночи Л.И. возвратился в «Заречье»."
"1977","27 марта. воскресенье","ussr","СССР","Завидово","departure","В 1 О ч. 1 О мин. Л.И. выехал в Завидово и в 11 ч. 50 мин. nриехал на место."
"1977","29 марта","ussr","СССР","Заречье","departure","В 2010 Л.И. уехал на дачу в «Заречье»."
"1977","31 марта","ussr","СССР","Завидово","stay","Л.И. находился в Завидово, откуда в 131.il nрибыл на дачу."
"1977","31 марта","ussr","СССР","Заречье","departure","В 191li Л.И. уехал на дачу в «Заречье»."
"1977","8 апреля","ussr","СССР","Завидово","departure","В 11 ч. 25 мин. Л.И. выехал в Завидово и в 12 ч. 55 мин. nрибыл на место."
"1977","9 апреля","ussr","СССР","Заречье","departure","В 1ЗJ»Л.И. вылетел из «Завндово» вертолетом и в 142!! прибыл на дачу в «Заречье»."
"1977","12 апреля","ussr","СССР","Завидово","departure","В 18UO Л.И. выехал на дачу, откуда вертолетом вылетел в Завидово. В 1900 вертолет приземлился."
"1977","12 апреля","ussr","СССР","Заречье","stay","В 141Q Л. И. возвратился из Завидово в Заречье-б."
"1977","21 апреля","ussr","СССР","Заречье","departure","В 2035 Л.И. уехал на дачу в «Заречье»."
"1977","22 апреля","ussr","СССР","Завидово","departure","В II!!:IЛ.И. вертолетом вылетел в «Завидово», куда прибыл в 113.2."
"1977","22 апреля","ussr","СССР","Заречье","departure","В 13 ч. 46 мин. вертолетом вылетел из «Завидово» и в 14 ч. 26 мин. прибыл в Заречье."
"1977","22 апреля","ussr","СССР","Заречье","departure","В 2QJ!! Л.И. уехал на дачу в «Заречье»."
"1977","29 апреля","ussr","СССР","Завидово","departure","В 12 ч. 10 мин. вертолетом вылетел в «Завидово» и в 12 ч. 50 мин. прибыл на место."
"1977","4 мая","ussr","СССР","Заречье","departure","В 1810 выехал и в 18:>8 nриехал на дачу в «Заречье»."
"1977","5 мая","ussr","СССР","Завидово","departure","В 132ilЛ.И. выехал на дачу н в J3iill вертолетом вылетеJI в Завидово."
"1977","10 мая","ussr","СССР","Заречье","departure","Уехал Л.И. в «Заречье» в 21 lli_"
"1977","13 мая","ussr","СССР","Завидово","stay","Л.И. находился в «Завидово»."
"1977","17 мая","ussr","СССР","Фрунзе","departure","В 1 О ч. 45 мин. Л.И. выехал в Краснознаменный зал LЩСА им[ е ни] Фрунзе ДJIЯ прощания с П.В. Деменп,евым."
"1977","19 мая","ussr","СССР","Заречье","departure","В 191J)Л.И. уехал на дачу в «Заречье»."
"1977","21 мая","ussr","СССР","Завидово","stay","Л. И. находился в «Завидово»."
"1977","22 мая. воскресенья","ussr","СССР","Заречье","departure","В 1200 выехал в Москву 11 в 141!! nрибыл в «Заречье»."
"1977","25 мая","ussr","СССР","Заречье","departure","В 2()30 Л.И. выехал на дачу в «Заречье»."
"1977","1 июня","ussr","СССР","Алма-Ата","departure","В 1 ().45 приехал в Кремль. Принял т. Uуканова Г.Э., переговорил по т[ елефо ]ну с тт. Русаковым К.В., Кунаевым Д.А.- Алма-Ата."
"1977","3 июня","ussr","СССР","Заречье","departure","В 17J..:i Л.И. выехал на дачу в «Заречье», оттуда вертолетом отбыл в «Завидово»."
"1977","3 июня","ussr","СССР","Завидово","departure","В 17J..:i Л.И. выехал на дачу в «Заречье», оттуда вертолетом отбыл в «Завидово»."
"1977","7 июня","ussr","СССР","Заречье","departure","В 19~ Л.И. уехал на дачу в «Заречье»."
"1977","10 июня","ussr","СССР","Завидово","departure","В 17 ч. 30 мин. Л. И. выехал на дачу. В 17 ч. 52 Л. И. на вертолете вылетел в Завидово, а в 18 ч. 28 мин. прибыл на место."
"1977","12 июня","ussr","СССР","Заречье","departure","В IIJ!!Л.И. выехал из «Завидово» и приехал в JЗЫ в «Заречье»."
"1977","14 июня","foreign","ФРГ",None,"stay","Г. -Д. Геншером. С советской стороны принимали участие тт. Громыко А.А., Блатов А. И. и Фалин В.М. (посол СССР в ФРГ); с немецкой - статс-секретаrь МИДа' и посо"
"1977","15 июня","ussr","СССР","Заречье","departure","Уехал Л.И. в Заречье в 200!1."
"1977","16 июня","ussr","СССР","Завидово","departure","В 17;ш Л.И. выехал на дачу, затем в «Завидово»."
"1977","20 июня","foreign","Франция","Париж","departure","В 9!& Л.И. отбыл во Внуково-[[, откуда в 9;ш сnецрейсом (самолетом ИЛ-62М) Л.И. вылетел в Париж ( Орли ). В аэропорт Орли самолет прибыл в 1325• Состоялась торж"
"1977","24 июня","ussr","СССР","Завидово","departure","В 1733 Л.И. выехал на дачу и с дачи в J7ibl вертолетом вылетел в «Завидово» и nрилетели в 1830."
"1977","27 июня","ussr","СССР","Заречье","departure","В 1 goo Л.И. выехал в nоликлинику, в 2000 на дачу в «Заречье»."
"1977","2 июля","ussr","СССР","Завидово","stay","Л.И. находился в «Завидово»."
"1977","3 июля","ussr","СССР","Заречье","departure","Л.И. находился в «Завидово», в !21!1 оттуда выехал на машине и в 14.00 прибыл на дачу в «Заречье»."
"1977","3 июля","ussr","СССР","Завидово","departure","Л.И. находился в «Завидово», в !21!1 оттуда выехал на машине и в 14.00 прибыл на дачу в «Заречье»."
"1977","4 июля","ussr","СССР","Заречье","departure","В 2~Л.И. уехал на дачу в <<Заречье»."
"1977","11 июля","ussr","СССР","Крым","departure","В I9JU Л.И. nоездом с вагон[ ной] базы отбыл в Крым на отдых."
"1977","19 августа","ussr","СССР","Иркутск","departure","Внуково-11 д.ля правадов его спецсамолетом в Иркутске (самолет вылетел в 1 01111)."
"1977","19 августа","ussr","СССР","Крым","departure","В ](}!О Л.И. сnецсамолетом вылетел в Крым д.ля продолжения отдыха."
"1977","5 сентября","ussr","СССР","Заречье","stay","Л.И.- находился на даче в «Заречье», переговорил по телефону с тт. Черненко К. У.,"
"1977","5 сентября","ussr","СССР","Завидово","departure","В 11il.1 вертолетом вылетел в «Завидово»."
"1977","11 сентября","ussr","СССР","Заречье","departure","В I?f:JJ. Л.И. выехал из «Завидово» и в J9!lli приехал в Заречье."
"1977","23 сентября","ussr","СССР","Завидово","departure","В 9f>lЛ.И. вертолетом отбыл в Завидово, куда прибыл в 10~."
"1977","8 октября","ussr","СССР","Завидово","departure","Л.И. в 1100 ч. выехал в Завидово."
"1977","12 октября","ussr","СССР","Заречье","stay","Л.И. - находился на даче в Заречье."
"1977","27 октября","ussr","СССР","Завидово","departure","В 11!.2 выехал в «Завндово»."
"1977","4 ноября","ussr","СССР","Заречье","departure","Уехал Л.И. в 20!1!! в Заречье."
"1977","6 ноября. воскресенье","ussr","СССР","Завидово","departure","Л. И. находился в «Завидово>>, в 12;ш выехал на дачу, куда прибыл в 13''."
"1977","26 ноября","ussr","СССР","Завидово","departure","В 11!15Jl.И. сдачи выехал в «Завидово»."
"1977","4 декабря","ussr","СССР","Заречье","departure","В 12~ Л.И. выехал из «Завидово>>, в 1410 прибыл на дачу в «Заречье>>."
"1977","7 декабря","ussr","СССР","Заречье","departure","В 2Qill1 Л.И. выехал на дачу в «Заречье»."
"1977","30 декабря","foreign","Чехословакия","Прага","stay","Л.И. находился в б[ ольни ]це. По телефону разговаривал с Г. Гусаком (Прага), Я. Кадаром"
"1977","31 декабря","ussr","СССР","Заречье","departure","В 20 ч. 30 мин. Л.И. приехал на дачу в Заречье."
"1978","14 января 1978 г.","ussr","СССР","Барвиха","stay","Л. И. находился в «Барвихе»."
"1978","19 января 1978 г.","ussr","СССР","Завидово","departure","Л.И. в J()2!l из «Барвихи>> выехал в «Завидово>>, в J2l!1 был там."
"1978","25 января 1978 г.","ussr","СССР","Заречье","departure","В 181fl ч. выехал на дачу в «Заречье>> б."
"1978","25 января 1978 г.","ussr","СССР","Завидово","departure","В 1 05!1 Л.И. выехал в «Завидово>>, куда nрибыл в 122!!."
"1978","29 января 1978 г.","ussr","СССР","Заречье","departure","В 12 Л.И. выехал из «Завидово>> и nриехал в «Заречье>>-6 в 1400."
"1978","31 января 1978 г.","ussr","СССР","Заречье","departure","Уехал Л. И. на дачу в «Заречье>> в 1810."
"1978","3 февраля 1978 г.","ussr","СССР","Завидово","departure","В 1211.> ч. выехал в Завидово."
"1978","5 февраля 1978 г.","ussr","СССР","Заречье","departure","Л.И. - находился в «Завидово» в 1210 из «Завидово» выехал в 14.1.0 прибыл на дачу в «Заречье»."
"1978","5 февраля 1978 г.","ussr","СССР","Завидово","departure","Л.И. - находился в «Завидово» в 1210 из «Завидово» выехал в 14.1.0 прибыл на дачу в «Заречье»."
"1978","11 февраля","ussr","СССР","Заречье","departure","Л.И. находился в «Завидово». В 12 ч. 50 мин. Л.И. выехал из «Завидово» и в 14 ч. 15 мин. прибыл на дачу в «Заречье»."
"1978","17 февраля","ussr","СССР","Завидово","departure","В JJ212Л.И. выехал в «Завидово>>, куда nрибыJJ в 1220."
"1978","21 февраля 1978 г.","ussr","СССР","Заречье","stay","В 2ОЫ вернулся на дачу в «Заречье»."
"1978","24 февраля","ussr","СССР","Завидово","departure","В 11 ч. 30 мин. Л.И. выехал в Завидовu и в 12 ч. 55 м. nрибыл на место."
"1978","2 марта","ussr","СССР","Завидово","departure","В 11 ч. 45 мин. Л.И. выехал в Завидово и в 12 ч. 55 мин. прибыл на место."
"1978","5 марта","ussr","СССР","Заречье","departure","В 1300 Л.И. выехал в Москву и в 141!1 прибыл на дачу в «Заречье>>."
"1978","10 марта","ussr","СССР","Завидово","departure","В 11 !Ш выехал в «Завидово »."
"1978","14 марта 1978 r.","ussr","СССР","Заречье","departure","Уехал J1.И. в 201> на дачу в «Заречье>>."
"1978","17 марта","ussr","СССР","Завидово","departure","В IQ;!,lЛ.И. выехал в «Завидово», куда прибыл в 11:;,;."
"1978","22 марта","ussr","СССР","Заречье","departure","В 1921JЛ.И. выехал на дачу в «Заречье»."
"1978","24 марта","ussr","СССР","Завидово","departure","В 12.00 Л.И. выехал в Завидово и в 13 ч. 30 мин. прибыл на место."
"1978","29 марта","ussr","СССР","Владивосток","stay","Л.И. находился в пути ( спецпоезд <<Москва Владивосток>>)."
"1978","31 марта 1978 г.","ussr","СССР","Заречье","departure","Уехал Л.И. в 18:ill в Заречье."
"1978","31 марта 1978 г.","ussr","СССР","Завидово","departure","В 1311! выехал в «Завидово>>."
"1978","21 апреля 1978 г.","ussr","СССР","Заречье","departure","В 2000 выехал и в 2010 nрибыл на дачу в «Заречье»."
"1978","22 апреля Суббота","ussr","СССР","Завидово","departure","В 17 ч. 45 мин. Л.И. выехал в Завидово и в 21 ч. 15 мин. вернулся из Завндово на дачу."
"1978","22 апреля Суббота","ussr","СССР","Заречье","stay","В 2(}1.0 Л.И. возвратился на дачу в Заречье."
"1978","22 апреля Суббота","ussr","СССР","Завидово","stay","Л.И. находился в «Завидово»."
"1978","22 апреля Суббота","ussr","СССР","Заречье","departure","В 13!ЮЛ.И.- выехал из Завидово, в 14.Ш прибыл на дачу в Заречье."
"1978","3 мая 1978 г.","ussr","СССР","Заречье","departure","В 1810Л.И. выехал и в 18iЫприехал на дачу в «Заречье»."
"1978","4 мая","foreign","ФРГ","Бонн","departure","В 9:ш Л.И. вылетел из Москвы (аэроnорт Внуково-11) в Бонн (ФРГ). Начался официальный визит Л.И. в Федеративную Республику Германию ( 4-7 мая 1978 с. г.)."
"1978","8 мая","ussr","СССР","Завидово","departure","В 11 оо ч. Л.И. выехал в Завидово."
"1978","9 мая 1978 г.","ussr","СССР","Заречье","departure","В 12;;u Л.И. выехал из «Завидово» и приехал в «Заречье» в 141!!."
"1978","11 мая","ussr","СССР","Завидово","departure","В 13 ч. 10 мин. Л.И. уехал в Завидово и в 14 ч. 20 мин. прибыл на место."
"1978","18 мая 1978 г.","ussr","СССР","Заречье","departure","Уехал Л.В. в 19°0 на дачу в «Заречье»."
"1978","20 мая","ussr","СССР","Завидово","departure","В 11зuч. Л.И. выехал в Завидово."
"1978","30 мая 1978 г.","foreign","Чехословакия",None,"departure","Л.И. в 1000 с аэродрома Внуково 2 отбыл с официальным визитом в ЧССР, вместе с Л.И. отбыли члены партийно-правительственной делегации: тт. Щербицкий В. В.,"
"1978","2 июня 1978 r.","ussr","СССР","Заречье","departure","В 20;;;;Л.И. приехал на дачу в «Заречье»."
"1978","10 июня","ussr","СССР","Завидово","stay","Л.И. находился в «Завидово»."
"1978","16 июня","ussr","СССР","Завидово","departure","В 1 OJ!J выехал в «Завидово»."
"1978","24 июня 1978 г.","ussr","СССР","Заречье","departure","В 12JJlЛ.И. выехал на дачу в «Заречье»."
"1978","24 июня 1978 г.","ussr","СССР","Минск","departure","В 2()!Ш Л.И. с Белорусского вокзала поездом отбыл в г. Минск."
"1978","28 июня 1978 г.","ussr","СССР","Заречье","departure","Уехал Л.И. в J9JJl на дачу в «Заречье»."
"1978","7 июля 1978 г.","ussr","СССР","Крым","departure","В 1200 с Курского вокзала Л. И. выехал в Крым на оТдых."
"1978","1 сентября 1978 г.","ussr","СССР","Заречье","stay","Л.И. находился на даче в «Заречье>>."
"1978","3 сентября 1978 г.","ussr","СССР","Астрахань","stay","Л.И. находился в Астрахани."
"1978","5 сентября 1978 г.","ussr","СССР","Заречье","stay","Л.И. находился на даче в «Заречье>>."
"1978","6 сентября 1978 г.","ussr","СССР","Киев","departure","Л.И. в 9 ч. 30 мин. выехал с дачи в аэропорт Внуково-Н. откуда самолетом в 10.00 отбыл в Киев."
"1978","9 сентября 1978 г.","ussr","СССР","Завидово","departure","В 16:illЛ.И. выехал в «Завидово»."
"1978","12 сентября 1978 г.","ussr","СССР","Заречье","departure","В 18.37 Л.И. выехал на дачу в «Заречье>>, куда прибыл в 18.55."
"1978","14 сентября","ussr","СССР","Завидово","departure","В 11.05 Л.И. выехал в «Завидово» и в 12ч. 30 мин. прибыл на место."
"1978","18 сентября","ussr","СССР","Баку","departure","В 17.00 Л.И. выехал е дачи на Курский вокзал и в 17 ч. 30 мин. отбыл из Моеквы в г. Баку nоездом."
"1978","28 сентября","ussr","СССР","Завидово","departure","В 1200выехал в «Завидово»."
"1978","6 октября 1978 г.","ussr","СССР","Завидово","departure","В 15.50 Л.И. выехал из аэроnорта «Внуково-11>> в Завидово, куда прибыл в 17.30."
"1978","9 октября 1978 r.","ussr","СССР","Заречье","departure","В 18.40 Л.И. выехал на дачу в <<Заречье», куда прибыл в 19.00."
"1978","11 октября 1978 r.","ussr","СССР","Завидово","departure","В 12.10 мин. Л.И. выехал в Завидово и в 13 ч. 30 мин. nрибыл на место."
"1978","16 октября 1978 r.","ussr","СССР","Заречье","departure","Уехал Л.И. в 1810- сначала на Грановского, а в 2().1.0 nрибыл на дачу в «Заречье»."
"1978","21 октября 1978 г.","ussr","СССР","Завидово","departure","В 11 © Л.И. с дачи выехал в Завидово."
"1978","26 октября 1978 г.","ussr","СССР","Заречье","departure","В 20.40 Л.И. выехал на дачу в «Заречье», куда прибыл в 21.00."
"1978","28 октября 1978 г.","ussr","СССР","Завидово","departure","В 1 РШЛ.И. сдачи «Заречье» выехал в «Завидово», в 12:1.1 прибыли на место."
"1978","28 октября 1978 г.","ussr","СССР","Заречье","departure","В 12lli выехал в Москву и в 14!!!! прибыл tta дачу в <<Заречье>>."
"1978","30 октября 1978 г.","ussr","СССР","Заречье","departure","Л.И. прибыл на дачу в <<Заречье>> в 21.45."
"1978","5 ноября","ussr","СССР","Завидово","departure","В 11 ч. 20 мин. выехал в Завидово и в 12 ч. 40 м. nрибыл на место."
"1978","8 ноября 1978 г.","ussr","СССР","Заречье","departure","В 17.25 Л.И. выехал на дачу в «Заречье>>, куда nрибыл в 17.40."
"1978","9 ноября 1978 г.","ussr","СССР","Завидово","departure","В 12.00 Л.И. уехал в Завидово и в 13 ч. 1 О мин. nрибыл на место."
"1978","14 ноября 1978 г.","ussr","СССР","Заречье","departure","В 19.15 Л.И. выехал на дачу в «Заречье», куда прибыл в 19.27."
"1978","18 ноября","ussr","СССР","Завидово","departure","В 1Q.>QЛ.И. выехал в «Завидово»."
"1978","20 ноября 1978 г.","ussr","СССР","Заречье","departure","В 20.45 Л.И. выехал на дачу в «Заречье>>, куда nрибыл в 21.00."
"1978","24 ноября","ussr","СССР","Завидово","departure","В 101.0 ч. Л.И. выехал в «Завидово>>. Приехал в 122.1."
"1978","26 ноября 1978 г.","ussr","СССР","Заречье","departure","В 13.25Л.И. прибыл из «Завидово» в «Заречье»."
"1978","29 ноября 1978 г.","ussr","СССР","Заречье","departure","В 192DЛ.И. прибыл на дачу в «Заречье>>."
"1978","1 декабря 1978 r.","ussr","СССР","Завидово","departure","В 11.50 Л.И. выехал в «Завидово», куда прибыл в 131li."
"1978","5 декабря 1978 г.","ussr","СССР","Заречье","departure","Из Кремля Л.И. выехал в 2().l.Q и в 2030 прибыл на дачу в «Заречье»."
"1978","7 декабря 1978 r.","ussr","СССР","Завидово","departure","В 12.25Л.И. выехал в «Завидово>>, куда nрибыл в 13.40."
"1978","11 декабря 1978 г.","ussr","СССР","Заречье","departure","Уехал Л.И. в 17fiJ. в nоликлинику, затем на дачу в Заречье, куда nрибыл в 19ill!."
"1978","14 декабря 1978 г.","ussr","СССР","Завидово","departure","В 11 !15 выехал в «Завидово»."
"1978","17 декабря 1978 г.","ussr","СССР","Заречье","departure","В 11 :;u Л.И. выехал из «Завидово» и в 13;ю прибыл на дачу в «Заречье»."
"1978","19 декабря 1978 г.","ussr","СССР","Заречье","departure","В 18.18 Л.И. выехал на дачу в «Заречье», куда прибыл в 18.35."
"1978","22 декабря 1978 г.","ussr","СССР","Завидово","departure","Л.И. сдачи выехал в «Завидово» в 1 рю, в 12J:i прибыл на место."
"1978","29 декабря 1978 г.","ussr","СССР","Заречье","departure","В 20.05 уехал на дачу в «Заречье», куда nрибыл в 20.25."
"1979","5 января","ussr","СССР","Завидово","departure","В 10 ч. 50 мин. Л. И. выехал в Завидово и в 12 ч. 20 мин. прибыл на место."
"1979","8 января","ussr","СССР","Заречье","departure","В 17.55 Л. И. уехал на дачу в «Заречье», куда nрибыл в 18.15."
"1979","11 января","foreign","Болгария",None,"departure","В 17.30 с Киевского вокзала Л. И. выехал в НР Болгарию на отдых."
"1979","17 января","ussr","СССР","Сочи","departure","В 14.10Л.И. прибыл в Сочи, а в 14.45- к месту отдыха (t = + 10°)."
"1979","19 января","ussr","СССР","Заречье","departure","В 17.30- Jl.И. - вылетел в Москву и прибыJJ на дачу в «Заречье>> в 20.05."
"1979","20 января","ussr","СССР","Завидово","departure","В 11.00 Л.И. выехал с дачи «Заречье>> в «Завидово>>."
"1979","23 января","ussr","СССР","Заречье","departure","В 19.03 Л.И. - выехал на дачу в «Заречье», куда nрибыл в 19.18."
"1979","26 января","ussr","СССР","Завидово","departure","В 11.35 выехал в <<Завидово>>, куда прибыJI в 13.05."
"1979","29 января","ussr","СССР","Заречье","departure","В 18.55 Л.И. выехал на дачу в «Заречье», куда прибыл в 19.10."
"1979","2 февраля","ussr","СССР","Сочи","departure","В 1 93iJ Л.И. выехал на КУрский вокзал и в 2000 выехал в г. Сочи."
"1979","25 февраля","ussr","СССР","Заречье","stay","Л.И. находился на даче в «Заречье>>."
"1979","8 марта","ussr","СССР","Завидово","departure","В 10.50 Л.И.- выехал в Завидово, куда прибыл в 12.25."
"1979","10 марта","ussr","СССР","Заречье","departure","В 1200 прибыл в Заречье."
"1979","15 марта","ussr","СССР","Завидово","departure","В 12.20 выехал в «Завидово»."
"1979","19 марта","ussr","СССР","Заречье","departure","Уехал Л.И. в 1 92!1 на дачу в «Заречье»."
"1979","23 марта","ussr","СССР","Завидово","departure","В 11.00 Л.И. - выехал в «Завидово», куда 11рибыл в 12.25."
"1979","2 апреля","ussr","СССР","Заречье","stay","Выезжал на дачу в «Заречье»."
"1979","2 мая","ussr","СССР","Завидово","departure","В 10.50 сдачи выехал в «Завидово», куда nрибыл в 12.30."
"1979","8 мая","ussr","СССР","Заречье","departure","В 18.20 Л.И. уехал на дачу в «Заречье»."
"1979","10 мая","ussr","СССР","Завидово","departure","В 12 ч. 40 мин. Л.И. уехал в «Завидово»."
"1979","14 мая","ussr","СССР","Заречье","departure","В 20.30 Л.И. уехал на дачу в «Заречье»."
"1979","19 мая","ussr","СССР","Завидово","stay","Л.И. находился в «Завидово>>."
"1979","23 мая","ussr","СССР","Заречье","departure","В 18.40Л.И.- выехал на дачу в «Заречье>>, куда нрибыJI в 18.55."
"1979","25 мая","ussr","СССР","Завидово","stay","Л. И. находился в Завидово."
"1979","1 июня","foreign","Венгрия","Будапешт","departure","Сегодня вечером Советская nартийно-nравительственная делегация во главе с Л.И. отбыла из Будапешта на Родину."
"1979","2 июня","ussr","СССР","Завидово","departure","В 11 ао выехал в Завидово."
"1979","4 июня","ussr","СССР","Заречье","departure","В 20.50Л.И. выехал на дачу в «Заречье», куда прибыл в 21.03."
"1979","7 июня","ussr","СССР","Завидово","departure","Выехал Л.И. в «Завидово» в 12.05."
"1979","10 июня","ussr","СССР","Заречье","departure","В 10.50Л.И.- выехал из Завилоно на дачу в «ЗареЧI>е». куда прибыл в 13.26."
"1979","16 июня","foreign","Австрия","Вена","stay","Л. И. находился в Вене (Австрия)."
"1979","19 июня","ussr","СССР","Заречье","stay","Л.И. fJаходился на даче в «Заречье»."
"1979","24 июня","ussr","СССР","Ялта","stay","Л.И. находился на отдыхе в Ялте."
"1979","18 июля","ussr","СССР","Крым","stay","Л.И. находился на отдыхе в Крыму."
"1979","20 июля","ussr","СССР","Ялта","stay","Л. И. находился на отдыхе в Ялте."
"1979","22 июля","ussr","СССР","Феодосия","stay","После поездки в г. Феодосию Л.И. возвратился в Ялту."
"1979","23 июля","ussr","СССР","Ялта","stay","Л.И. находился на отдыхе в Ялте."
"1979","26 июля","ussr","СССР","Крым","stay","Л. И. находился на отдыхе в Крыму."
"1979","15 августа","ussr","СССР","Симферополь","departure","Л.И. - в 1212 самолетом отбыл из Симфероnоля в Москву. В IЗfill самолет сделал nосадку в аэроnорту Внукова-2, в J41ill Л.И. nосле короткой беседы с встречавшими"
"1979","16 августа","ussr","СССР","Завидово","departure","Л.И. в 10 ч. 20 мин. выехал в Завидово и в 11 ч .. ЗО мин. nрибыл на место."
"1979","19 августа","ussr","СССР","Заречье","departure","Л.И. в J22D выехал из «Завидово» и в IЗJ!! прибыл на дачу в «Заречье»."
"1979","21 августа","ussr","СССР","Заречье","departure","В 18.20 Л.И. уехал на дачу в «Заречье», куда nрибыл в 18.37."
"1979","24 августа","ussr","СССР","Завидово","departure","Л. И. в 1 О ч. 50 мин. выехал с дачи в «Завидово>> и в 12 ч. 07 мин. прибыл на место."
"1979","25 августа","ussr","СССР","Заречье","departure","Л.И. находился в «Завидово», откуда в 17.45 выехал на дачу в «Заречье»."
"1979","25 августа","ussr","СССР","Завидово","departure","Л.И. находился в «Завидово», откуда в 17.45 выехал на дачу в «Заречье»."
"1979","25 августа","ussr","СССР","Заречье","departure","Уехал Л.И. в 191.5 в Заречье."
"1979","31 августа","ussr","СССР","Киев","departure","Л.И. - в 1()30 выехал из Заречья в аэропорт Внуково-2, в 11 111 самолетом отбыл в г. Киев, туда прибыл в 12.1.1!."
"1979","1 сентября","ussr","СССР","Киев","stay","Л.И. находился в Киеве."
"1979","2 сентября","ussr","СССР","Заречье","departure","В 12.55 приехал на дачу в «Заречье>>."
"1979","8 сентября","ussr","СССР","Астрахань","departure","Л.И. в 9Шi сдачи из «Заречья» выехал на аэродром «Внуково-2», а оттуда самолетом отбыл в г. Астрахань ( 1220 прибыли)."
"1979","10 сентября","ussr","СССР","Заречье","departure","В 20.35 Л. И. выехал на дачу в «Заречье», куда прибыл в 20.45."
"1979","13 сентября","ussr","СССР","Завидово","departure","В 12.00 Л.И. уехал в «Завидово», куда прибыл в 13.25."
"1979","16 сентября","ussr","СССР","Заречье","departure","Л.И. выехал из Завидово в 11 ч. 50 м. и в 13 ч. 15 м. прибыл на дачу в Заречье."
"1979","17 сентября","ussr","СССР","Заречье","departure","В 19.05 Л.И. уехал на дачу в «Заречье»."
"1979","21 сентября","ussr","СССР","Днепропетровск","departure","Л.И. в 10.10 выехал из «Заречья» в аэропорт «Внуково-2», в 10.40 самолетом отбыл в г. Днепропетровск ( приземлилея в 11.53 )."
"1979","22 сентября","ussr","СССР","Заречье","departure","В 20.40 Л.И. прибыл на дачу в «Заречье»."
"1979","23 сентября","ussr","СССР","Завидово","departure","В 10.40- Л.И. -выехал в Завидово."
"1979","25 сентября","ussr","СССР","Заречье","departure","В 21.20 Л.И. - прибыл на дачу в Заречье."
"1979","27 сентября","ussr","СССР","Завидово","departure","В 12.05 уехал в «Завидово»."
"1979","1 октября","ussr","СССР","Заречье","departure","В 21.30 Л.И. прибыл на дачу в «Заречье»."
"1979","4 октября","foreign","ГДР","Берлин","departure","В 9.25 Л.И. выехал в аэропорт «Внуково-2», откуда в 10.00 вылетел в Берлин с официальным визитом на юбилейные торжества по случаю 30-летия ГДР."
"1979","8 октября","ussr","СССР","Заречье","departure","В 15.00 Л.И. - прибыл во« Внуково-2»; в 15.23 - на дачу в «Заречье»."
"1979","11 октября","ussr","СССР","Барвиха","stay","JI.И. - находился в «Барвихе»."
"1979","21 октября","ussr","СССР","Заречье","departure","Л.И. находился в Барвихе и в 18 ч. 25 м. прибыл на дачу в Заречье."
"1979","21 октября","ussr","СССР","Барвиха","departure","Л.И. находился в Барвихе и в 18 ч. 25 м. прибыл на дачу в Заречье."
"1979","22 октября","ussr","СССР","Заречье","departure","Уехал Л.И. в 18ЗU на дачу в «Заречье»."
"1979","26 октября","ussr","СССР","Завидово","departure","С аэродрома Внуково-2 Л.И. выехаJJ в lllU в Завидово, в 12iill прибыли на место."
"1979","28 октября","ussr","СССР","Заречье","departure","Выехал оттуда в 11.50 и прибыл на дачу в «Заречье» в 1 3.30."
"1979","2 ноября","ussr","СССР","Завидово","departure","В 11.00 выехал в Завидово и прибыл на место в 12 ч. 30 мин."
"1979","5 ноября","ussr","СССР","Заречье","departure","В 18.00 Л.И. -выехал на дачу в «Заречье», куда нрибыл в 18.18."
"1979","8 ноября","ussr","СССР","Завидово","departure","В !13.0 ч. Л.И. выехал в «Завидово»."
"1979","11 ноября","ussr","СССР","Заречье","departure","Уехал Л.И. в !85!1 на дачу в «Заречье»."
"1979","12 ноября","ussr","СССР","Рига","departure","В 18 ч. 25 мин. Л.И. выехал в Лужники на хоккей ( Кр[ ылья] Советов -Динамо- Рига) и в 21 ч. 15 мин. прибыли на дачу."
"1979","13 ноября","ussr","СССР","Горький","departure","В 18.40- Л.И. - выехал в Лужники на хоккейный матч команд «Ди11амо» (М[ ос ква j)«Торпеда)) (Горький)."
"1979","15 ноября","ussr","СССР","Заречье","stay","В 21.35 возвратился на дачу в «Заречье»."
"1979","16 ноября","ussr","СССР","Завидово","departure","В 11111 выехал в «Завидово» и в 13\Ы врибыл на место."
"1979","19 ноября","ussr","СССР","Заречье","departure","В 21.00 Л.И. выехал на дачу в «Заречье», куда прибыл в 21.15."
"1979","23 ноября","ussr","СССР","Завидово","departure","В 11 ч. 40 мин. выехал в Завидово и в 13.00 прибыл на место."
"1979","26 ноября","ussr","СССР","Заречье","departure","В 18.05 уехал на дачу в «Заречье», куда прибыл в 18.27."
"1979","1 декабря","ussr","СССР","Завидово","stay","Л.И.- находился в «Завидово»."
"1979","6 декабря","ussr","СССР","Заречье","departure","Уехал Л. И. в 1900 на дачу в «Заречье»."
"1979","7 декабря","ussr","СССР","Завидово","departure","В 11.30 Л.И. выехал в «Завидово», куда nрибыл в 13.00."
"1979","8 декабря","ussr","СССР","Заречье","departure","Уехал Л.И. на дачу в «Заречье» в 191.0."
"1979","14 декабря","ussr","СССР","Завидово","departure","Л.И.- в 11 00 11з «Заречья» выехал в «Завидово» в 12;ю были на месте."
"1979","16 декабря","ussr","СССР","Заречье","departure","В 12;ю Л.И. приехал из «Завидово» на дачу в «Заречье»."
"1980","4 января 1980 г. -","ussr","СССР","Завидово","departure","В 101.0Л.И. выехал сдачи в «Завидово>>."
"1980","7 января -","ussr","СССР","Заречье","departure","В 18.ЗОЛ.И. выехал на дачу в «Заречье», куда нрибыл в 18.46."
"1980","13 января 1980 г. -","ussr","СССР","Завидово","departure","Л.И. в 10 ч. 20 мин. уех11л в «Завидово>> и в 11 ч. 45 мин. прибыл на место."
"1980","15 января -","ussr","СССР","Заречье","departure","В 19.40 Л. И. уехал на дачу в «Заречье>>."
"1980","18 января 1980 г. -","ussr","СССР","Завидово","departure","В 1 (р!1 выехал в «Завидово»."
"1980","20 января- суббота а","ussr","СССР","Заречье","departure","Л.И. выехал из «Завидово» в 12.l.Q, в 133!! прибыл на дачу в «Заречье»."
"1980","23 января -","ussr","СССР","Заречье","departure","В 18.00 Л.И. уехал на дачу в «Заречье»."
"1980","25 января -","ussr","СССР","Завидово","departure","В 10;шч. Л.И. выехал в Завидово."
"1980","28 января -","ussr","СССР","Заречье","departure","В 19.1 О Л.И. уехал на дачу в «Заречье>>."
"1980","1 февраля 1980 г. -","ussr","СССР","Завидово","stay","Л.И. находился в «Завидово»."
"1980","6 февраля -","ussr","СССР","Заречье","stay","В 19lli! Л. И. возвратился на дачу в Заречье."
"1980","7 февраля -","ussr","СССР","Завидово","departure","В 12.il! выехал в Завидово."
"1980","10 февраля- воскресенье","ussr","СССР","Заречье","departure","Из «Завидово» Л. И. выехал в 1200, в 1ЗJ!! прибыл на дачу в «Заречье>>."
"1980","15 февраля -","ussr","СССР","Завидово","stay","Л. И. находился в «Завидово»."
"1980","18 февраля -","ussr","СССР","Заречье","departure","Уехал Jl.И. в 1 9J!! в Заречье."
"1980","23 февраля -","ussr","СССР","Завидово","departure","В 101llч. выехал в «Завидово»."
"1980","25 февраля -","ussr","СССР","Завидово","stay","Л.И. находился в «Завидово>>."
"1980","27 февраля -","ussr","СССР","Заречье","departure","Уехал Л.И. в Заречье в 2()2!1."
"1980","29 февраля -","ussr","СССР","Завидово","departure","В 1Q3liЛ.И. сдачи выехал в «Завидово»."
"1980","3 марта -","ussr","СССР","Заречье","departure","Уехал Л.И. в 1900 на дачу в <<Заречье»."
"1980","16 марта -","ussr","СССР","Завидово","departure","В 10 ч. 20 мин. выехал в Завндово н в 11 ч. 40 мин. прибыл на место."
"1980","18 марта 1980 r.- вторник","ussr","СССР","Заречье","departure","Уехал Л.И. в 18iii на стадион в Лужникн, в 21 ~,.; Л.И. прибыл на дачу в Заречье."
"1980","20 марта -","ussr","СССР","Завидово","departure","В 12.1.5Л.И. выехал в «Завидово»."
"1980","23 марта- воскресенье","ussr","СССР","Заречье","departure","Л.И. в 1 ().3!! выехал из Завидово и в 1200 прибыл на дачу в Заречье."
"1980","29 марта -","ussr","СССР","Заречье","stay","Л.И. находился на даче «Заречье б»."
"1980","4 апреля -","ussr","СССР","Завидово","departure","Л.И. в 11.25 выехал с дачи в «Завидово», куда прибыл в 12.50."
"1980","6 апреля- воскресенье","ussr","СССР","Заречье","departure","В 11.20- Л.И. прибыл на дачу в «Заречье>>."
"1980","8 апреля -","ussr","СССР","Сочи","departure","В 1 ОЮ Л. И. с дачи выехал в аэропорт « Внуково-11 » и в 11 !J3 вылетел в г. Сочи."
"1980","28 апреля -","ussr","СССР","Сочи","stay","Л.И. - находился в nути из Сочи в Москву."
"1980","2 мая -","ussr","СССР","Завидово","departure","В 11.1 О Л.И. - выехал в Завидово, куда nрибыл в 12.05."
"1980","5 мая -","ussr","СССР","Заречье","departure","Уехал Л.И. в 18J!! в Заречье, на дачу."
"1980","7 мая- среда","foreign","Югославия","Белград","departure","В 14111 вылетел в г. Белград на похороны И.Б. Тито."
"1980","8 мая -","ussr","СССР","Заречье","departure","В 21.50 Л.И. прибыл на дачу в Заречье."
"1980","9 мая -","ussr","СССР","Завидово","departure","В JJ.Ш из аэропорта Л.И. выехал в «Завидово»."
"1980","11 мая- воскресенье","ussr","СССР","Заречье","departure","В 1 еР' выехал в Москву и в 12li1 прибыл на дачу в «Заречье». r Бровин"
"1980","12 мая -","ussr","СССР","Заречье","stay","В 2Q!IO Л.И. возвратился на дачу в «Заречье»."
"1980","13 мая -","foreign","Польша","Варшава","departure","В 17.08 вылетел в Варшаву д.ля участия в совещани11 ПКК."
"1980","15 мая -","ussr","СССР","Заречье","departure","Варшавы в lб;ш в Москву. В аэропорт Внуково 2 прибыли в 18;;;;. На дачу в «Заречье» Л.И. приехал в 191li."
"1980","16 мая -","ussr","СССР","Завидово","departure","В 11.05 Л.И. выехал в «Завидово», куда прибыл в 12.25."
"1980","18 мая -","foreign","Польша","Варшава","departure","В 17 ч. 20 мин. Л.И. выехал в аэропорт Внуково-!!, а в 18.00 самолетом отбыл в Варшаву, куда прибыл в 20.00."
"1980","22 мая -","ussr","СССР","Завидово","departure","Уехал Л.И. 13 12!.Ш 13 «Завидово>>, туда прибыли в 13W."
"1980","26 мая -","ussr","СССР","Заречье","departure","Уехал Л.И. в 18J.!2 в Заречье."
"1980","30 мая -","ussr","СССР","Завидово","departure","В 12.05 Л.И. - выехал в <<Завидово», куда прибыл в 13.55. Переговорил по телефону с тов. Черненко К. У."
"1980","1 июня -","ussr","СССР","Заречье","departure","В 113.> выехал в Москву и в 12:ы Л.И. пр11был на дачу в <<Заречье»."
"1980","3 июня -","ussr","СССР","Заречье","stay","Л.И. находился на даче в «Заречье»."
"1980","7 июня -","ussr","СССР","Завидово","departure","В 11 00 Л.И. выехал с дачи в «Завидово» и в 12J!l прибыл на место."
"1980","8 июня -","ussr","СССР","Заречье","departure","Л.И. - из «Завидово» выехал в 11 оо, в 122.1 прибыл на дачу в «Заречье»."
"1980","13 июня -","ussr","СССР","Завидово","departure","Л.И. в 111.0 выехал из «ЗаречыР>- в «Завидово», туда нрибыл в 121!!."
"1980","18 июня- среда","ussr","СССР","Заречье","departure","Уехал Jl. И. на дачу в Заречt.е в 19:ill."
"1980","20 июня -","ussr","СССР","Завидово","departure","В 11Ш1ч. Л.И. выехал в «Завидово»."
"1980","23 июня -","ussr","СССР","Заречье","departure","Уехал Л.И. в Заречье на дачу в 212!1."
"1980","5 июля -","ussr","СССР","Симферополь","departure","В 12.00 прибыл в аэропорт Симферополь."
"1980","7 июля -","ussr","СССР","Крым","stay","Л.И. находился на отдыхе в Крыму."
"1980","8 июля -","ussr","СССР","Ялта","stay","Л.И. - находился на отдыхе в Ялте."
"1980","14 июля-понедельник","ussr","СССР","Крым","stay","Л.И. находился на отдыхе в Крыму."
"1980","14 июля-понедельник","ussr","СССР","Ялта","stay","Л.И. находился на отдыхе в Ялте."
"1980","19 июля- суббота","ussr","СССР","Заречье","stay","На дачу в Заречье Л.И. возвратился в 2000 ч."
"1980","19 июля- суббота","ussr","СССР","Симферополь","departure","В 9 ч. 35 мин. Л.И. выехал во Внуково 11. откуда в 10.07 самолетом отбыл в Симферополь."
"1980","19 июля- суббота","ussr","СССР","Ялта","stay","Л.И.- находился на отдыхе в Ялте."
"1980","26 июля -","ussr","СССР","Крым","stay","Л. И. находился на отдыхе в Крыму."
"1980","27 июля -","ussr","СССР","Ялта","stay","Л.И. -находился на отдыхе в Ялте."
"1980","25 августа -","ussr","СССР","Заречье","departure","В 14.00 Л.И.- прибыл на дачу в «Заречье»."
"1980","27 августа -","ussr","СССР","Алма-Ата","departure","()З!! Л.И. выехал с дачи в аэропорт «Внуково-2» и в 11 !!1 вылетел в Алма-Ату для участия в праздиовании 60-летия Казахской ССР и компартии Казахеrана."
"1980","31 августа -","ussr","СССР","Заречье","departure","В 14.40 Л.И. прилетел в аэропорт «Внукооо- II», откуда в 15.25 выехал на дачу в «Заречье». Прибыл туда в 15.40."
"1980","6 сентября -","ussr","СССР","Завидово","stay","Л. И. находился в Завидово."
"1980","8 сентября -","ussr","СССР","Заречье","departure","В 18.00 Л.И. уехал на дачу в «Заречье>>."
"1980","12 сентября -","ussr","СССР","Завидово","departure","В «Завидово» прибыл в 11.45."
"1980","16 сентября -","ussr","СССР","Заречье","departure","В 18.45 Л.И. уехал на дачу в «Заречье»."
"1980","19 сентября -","ussr","СССР","Завидово","departure","В 10З0ч. Л.И. выехал с дачи в «Завидово»."
"1980","22 сентября -","ussr","СССР","Заречье","departure","В 18!.2 выехал в Лужники на хоккей «Сnартак>> ЦСКА. в 21 J.1 прибыл на дачу в «Заречье»."
"1980","26 сентября -","ussr","СССР","Завидово","departure","В 11.55 прибыл в «Завидово»."
"1980","28 сентября -","ussr","СССР","Заречье","departure","На дачу в «Заречье>> прибыл в 13.20."
"1980","29 сентября -","foreign","Индия",None,"departure","В !7:15Л.И. выехал на аэродром «Шереметьева-!» мя встречи Президента Индии Нилам"
"1980","29 сентября -","ussr","СССР","Заречье","departure","В l92!!Л.И. прибыл на дачу «Заречье Vl»."
"1980","3 октября -","foreign","Индия",None,"departure","В 9ш Л.И. выехал с дачи в Кремль в резидсrщию Президента Республики Индии"
"1980","4 октября -","ussr","СССР","Завидово","departure","В 1200 ч. выехал в « Завидово »."
"1980","11 октября -","ussr","СССР","Завидово","stay","Л. И. находился в «Завидово»."
"1980","14 октября -","ussr","СССР","Ленинград","departure","В 18.50 Л.И. уехал в Лужники на хоккейный матч ЦСКА- СКА (Ленинград)."
"1980","16 октября -","ussr","СССР","Заречье","departure","В 21.l.QЛ.И. выехал на дачу, в 212fl.- возвратился в Заречье."
"1980","17 октября -","ussr","СССР","Завидово","departure","В 10.30 Л.И. выехал в Завидово."
"1980","24 октября- пятница","ussr","СССР","Завидово","departure","В 1201) Л.И. выехал в Завидово, в 1400 прибыл на место."
"1980","29 октября -","ussr","СССР","Рига","departure","В 18.45 Л. И. выехал на хоккей «Динамо>> (Рига)- «Динамо>> (Москва)."
"1980","31 октября -","ussr","СССР","Завидово","departure","В 12 ч. 10 мин. Л.И. уехал в «Завидово»."
"1980","5 ноября -","ussr","СССР","Заречье","departure","Уехал Л.И. в Заречье в 191.1)."
"1980","8 ноября -","ussr","СССР","Завидово","departure","В 1 ().1.2 выехал в «Завидово» и в 12.L'.i прибыл на место."
"1980","11 ноября -","ussr","СССР","Заречье","departure","Уехал Л.И. в 18ii!1 на стадион в Лужники и в 20:ю возвратился на дачу в Заречье."
"1980","15 ноября -","ussr","СССР","Завидово","departure","В 111.0 ч. Л.И. выехал в «Завидово»."
"1980","21 ноября -","ussr","СССР","Завидово","departure","В 11 :ш ч. выехал в Завида во."
"1980","24 ноября-понедельник","ussr","СССР","Заречье","departure","В 21.00 Л.И. прибыл на дачу в <<Заречье»."
"1980","28 ноября -","ussr","СССР","Завидово","departure","В 11 ч. :1.1 м. Л.И. выехал в «Завидово»."
"1980","2 декабря- вторник","ussr","СССР","Заречье","departure","В 20.05 Л.И. - прибыл на дачу в «Заречье»."
"1980","7 декабря- воскресенье","foreign","Индия",None,"departure","Л.И. - выехал из Заречья в 1 03!1 в аэропорт Внуково-2, оттуда в 11 illi отбыл самолетом во главе делегации в Индию. В состав делегации входят тт. Громыко А.А.,"
"1980","7 декабря- воскресенье","ussr","СССР","Ташкент","departure","В 14Шi делегация прибыла в Ташкент."
"1980","8 декабря -","foreign","Индия","Дели","departure","Л.И. и сопровождающие его лица отбыли из Ташкента в 5 ч. 40 мин. и прибыли в Дели в 8 ч. 30 мин."
"1980","11 декабря -","ussr","СССР","Заречье","departure","В 171!5. ю Внуково выехал в «ЗареЧI>е 6» на дачу."
"1980","20 декабря -","ussr","СССР","Завидово","departure","В 11.15Л.И. выехал в «Завидово»."
"1980","21 декабря -","ussr","СССР","Заречье","departure","Л.И.- в 11ы выехал из «Завидово», в 13lU заезжал в nоликлинику на ул. Грановского и в 14!Ш прибыл на дачу в «Заречье»."
"1980","23 декабря -","ussr","СССР","Заречье","departure","В 19.05 Л. И. выехал на дачу в «Заречье», куда нрибыл в 19.15."
"1980","26 декабря -","ussr","СССР","Завидово","departure","В [[10 выехал в Завидово."
"1980","30 декабря -","ussr","СССР","Заречье","stay","В Л.И. -возвратился на дачу в «Зарс%с»."
"1981","1 января. четверг'","ussr","СССР","Завидово","departure","В 111!.! выехал в Завидово."
"1981","16 января. пятница","ussr","СССР","Заречье","departure","В J820 выехал в Лужники, в 21J.Q возвратился в «Заречье»."
"1981","19 января. понедельник","ussr","СССР","Рига","departure","В 18 ч. 20 мин. Л.И. выехал в Лужники на хоккей Динамо (Москва)- Динамо (Рига) и в 21 ч. 15 мин вернулся на дачу."
"1981","20 января. вторник","ussr","СССР","Заречье","departure","В 18.40 Л.И. отбыл на дачу в «Заречье», куда прибыл в 18.55."
"1981","22 января. четверг","ussr","СССР","Завидово","departure","В ll!.!!l выехал в «Завидово»."
"1981","26 января. nонедельник","ussr","СССР","Заречье","departure","В 11 ч. 55 мин. Л.И. выехал из «Завидово» и в 13 ч. 15 мин. прибыл на дачу в ЗареЧI>е."
"1981","27 января. вторник","ussr","СССР","Заречье","departure","В 19.40 Л.И. выехал на дачу в «Заречье», куда прибыл в 19.55."
"1981","30 января. nятница","ussr","СССР","Завидово","departure","В 1 р;; ч. Л.И. выехал в «Завидово»."
"1981","2 февраля. nонедельник","ussr","СССР","Кисловодск","departure","В 11.08 мин. Л.И. спецсамолетом отбыл на отдых в КиСJJоводск, куда nрибыл в 12 ч. 58 мин., а в 13 ч. 40 мин. прибыл на место отдыха."
"1981","15 февраля. воскресенье","ussr","СССР","Заречье","departure","Уехал Л.И. на дачу в Заречье в [815."
"1981","26 февраля, четверг","foreign","Чехословакия",None,"departure","В 1900 Л.И. прибыл на особняк Ng 1 и nровел дружественную встречу с делега11ией ЧССР во главе с т. Г. Гусаком в 19:1:i выехал на дачу."
"1981","3 марта, вторник","ussr","СССР","Заречье","departure","В 16.20 Л.И. прибыл на дачу в «Заречье>>."
"1981","7 марта. суббота","ussr","СССР","Завидово","departure","В 10.30 Л. И. выехал в «Завидово», в 11.40 нрибыл на место."
"1981","9 марта. понедельник","ussr","СССР","Заречье","departure","В 18 ч. 30 мин. Л.И. уехал на хоккей в Лужники, а оттуда на дачу в Заречье, куда nрибыл в 21 ч. 05 мин."
"1981","15 марта. воскресенье","ussr","СССР","Сочи","stay","Л.И. 11аходиJIСЯ на отдыхе в Сочи."
"1981","29 марта. воскресенье","ussr","СССР","Заречье","stay","Л.И. находился на даче в «Заречье»."
"1981","31 марта. вторник","foreign","Чехословакия","Прага","departure","В 11.08 мин. Л.И. самолетом вылетел в Прагу, куда прибыл в 13 ч. 51 мин., для участия в работе XVI-гo съезда КПЧ."
"1981","31 марта. вторник","ussr","СССР","Заречье","stay","Л.И. находился на даче в «Заречье»."
"1981","14 апреля. вторник","ussr","СССР","Завидово","departure","В 10.10 Л.И. выехал на дачу в «Завидово»."
"1981","14 апреля. вторник","ussr","СССР","Заречье","departure","Л.И. выехал из «Завидово>> в 11J..:j в JЗОО прибыл на дачу в «Заречье>>."
"1981","14 апреля. вторник","ussr","СССР","Заречье","departure","В 18.35 Л.И. выехал на дачу в «Заречье», куда прибыл в 18.50."
"1981","8 мая. пятница","ussr","СССР","Киев","departure","В 2000 ч. Л.И. выехал в г. Киев, поездом с Киевского вокзала."
"1981","9 мая. суббота","ussr","СССР","Заречье","departure","Л.И.- возвратился из Киева наездом в Москву в 10;;u в 11 :ю прибыл на дачу в «Заречье»."
"1981","9 мая. суббота","ussr","СССР","Киев","departure","Л.И.- возвратился из Киева наездом в Москву в 10;;u в 11 :ю прибыл на дачу в «Заречье»."
"1981","12 мая, вторник","ussr","СССР","Заречье","departure","В 21.40 Л.И. -прибыл на дачу в «Заречье»."
"1981","21 мая","ussr","СССР","Тбилиси","departure","В юшл.И. вылетел в Тбилиси на nразднование 60-летия Грузинской ССР и Коммунистической партии Грузии."
"1981","27 мая, среда","ussr","СССР","Заречье","departure","В 18.25 прибыл на дачу в «Заречье»."
"1981","29 мая. пятница","ussr","СССР","Завидово","departure","Л.И. находился на даче. В 1 ()!Ю ч. выехал в Завидово. Одновременно в Завидово выехал тов. Черненко К.У."
"1981","2 июня. вторник","ussr","СССР","Заречье","departure","В 18.25 Л.И.- выехал на дачу в «Заречье>>, куда nрибыл в 18.45."
"1981","6 июня. суббота","ussr","СССР","Завидово","stay","Л.И. находился в «Завидово»."
"1981","7 июня. воскресенье","ussr","СССР","Заречье","departure","Л.И. в 10211 выехал из «Завидово>> и в 11 ;ю прибыл 11а дачу в «Заречье>>."
"1981","8 июня, nонедельник","ussr","СССР","Заречье","departure","АНДР, Генсека nартии ФНО Шад;1и Бенджедида. Сопровождал его до резиденции в Кремле. после чего в 19 ч. 1 О мин. приехал на дачу в Заречье."
"1981","12 июня. пятница","ussr","СССР","Завидово","departure","В 12 00 Л.И. выехал в Завидово."
"1981","16 июня. вторник","ussr","СССР","Заречье","departure","В 19.\ОЛ.И. выехал на дачу в «Заречье», куда nрибыл в \9.25."
"1981","19 июня. пятница","ussr","СССР","Завидово","departure","В 10.30Л.И. выехал на дачу в «Завидово»."
"1981","22 июня. понедельник","ussr","СССР","Заречье","departure","В 18.50JJ.И.- выехал на дачу в «ЗареЧ~>е», куда прибыл в 19.10."
"1981","26 июня. пятница","ussr","СССР","Завидово","departure","Л.И. в 1~ выехал с дачи в «Завидово», туда прибыл в JIO!!."
"1981","28 июня. воскресенье","ussr","СССР","Заречье","departure","В 11.40 Л.И. - выехал из «Завидово» и прибыл на дачу в «Заречье» в 13.00."
"1981","28 июня. воскресенье","ussr","СССР","Заречье","stay","В 18.10 Л.И. выезжал в поликливику ва ул. Грановского, откуда в 19.15 вернулся на дачу в «Заречье»."
"1981","3 июля. nятница","ussr","СССР","Симферополь","departure","В 1 О!& вылетел в Симфероrюль на отдых."
"1981","3 июля. nятница","ussr","СССР","Ялта","stay","Л.И. - находился на отдыхе в ЯJJте."
"1981","7 июля. вторник","ussr","СССР","Крым","stay","Л.И. находился на отдыхе в Крыму."
"1981","8 июля. среда","ussr","СССР","Ялта","stay","Л.И. - находился на отдыхе в Ялте."
"1981","15 августа, суббота","ussr","СССР","Крым","stay","Л. И. находился на отдыхе в Крыму."
"1981","16 августа. воскресенье","ussr","СССР","Ялта","stay","Л.И. находился на отдыхе в Ялте."
"1981","24 августа. понедельник","ussr","СССР","Крым","stay","Л.И. находился на отдыхе в Крыму."
"1981","25 августа. вторник","ussr","СССР","Ялта","stay","Л.И. находился на отдыхе в Ялте."
"1981","25 августа. вторник","ussr","СССР","Заречье","departure","В 131.> из «Внуково 11» выехал на дачу в Заречье и в 14!Ю nрибыл на место."
"1981","29 августа. суббота","ussr","СССР","Завидово","stay","Л.И. находился в «Завидово»."
"1981","4 сентября. nятница","ussr","СССР","Завидово","departure","В 9.50 Л.И. выехал в «Завидово», куда прибыл в 11.15."
"1981","6 сентября. воскресенье","ussr","СССР","Заречье","departure","В 11.55 Л.И. -выехал из «Завидово» и прибыл на дачу в «Заречье» в 13.20."
"1981","7 сентября. nонедельник","ussr","СССР","Заречье","departure","В 20Ш выехал на дачу, в 20:.ш приехал в Заречье."
"1981","11 сентября. nятница","ussr","СССР","Завидово","departure","В g.o ч. Л. И. выехал в «Завидово>>."
"1981","13 сентября. воскресенье","ussr","СССР","Заречье","departure","В 12.00 JI.И. выехал из «Завидово» и в 13.30 прибыл на дачу в «Заречье»."
"1981","14 сентября. nонедельник","ussr","СССР","Заречье","departure","В 18.38 JI.И.- выехал на дачу в «Заречье», куда прибыл в 18.52."
"1981","18 сентября. nятница","ussr","СССР","Завидово","departure","В 9.55 Л.И. - выехил в «Завидово», куда прибыл в 11.25."
"1981","20 сентября. воскресенье","ussr","СССР","Заречье","stay","В 132.1 вернулся на дачу «Заречье-б»."
"1981","25 сентября. nятница","ussr","СССР","Завидово","departure","В 9.50 Л.И. выехал в «Завидово>>."
"1981","27 сентября. воскресенье","ussr","СССР","Заречье","departure","В 13;>Q ч. Л.И. приехал в «Заречье»."
"1981","2 октября. пятница","ussr","СССР","Завидово","departure","В 9Ш1 Л.И. выехал в Завидово."
"1981","4 октября. воскресенье","ussr","СССР","Заречье","departure","В 13.20Л.И. прибыл на дачу в «Заречье»."
"1981","11 октября. воскресенье","ussr","СССР","Завидово","stay","JI.И. находился в «Завндово»."
"1981","12 октября. nонедельник","ussr","СССР","Заречье","departure","В 19.00 Л.И. уехал на дачу в Заречье."
"1981","16 октября. пятница","ussr","СССР","Завидово","departure","Л.И. из Заречья в 9iill выехал в «Завидово», туда прибыли в llllli."
"1981","20 октября. вторник","ussr","СССР","Заречье","departure","В 18.25 Л.И. выехал на хоккейный матч «Спартак»- «Трактор>> в Лужниюt, откуда в 20.50 возвратился на дачу в «Заречье»."
"1981","23 октября. nятница","ussr","СССР","Завидово","departure","В IО!.!!lЛ.И. выехал в «Завидово»."
"1981","26 октября, nонедельник","ussr","СССР","Заречье","departure","В 20.55 Л.И. прибыл Jta дачу в «Заре'Н>е>>."
"1981","30 октября. пятница","ussr","СССР","Завидово","departure","Л.И. в 11.35 выехал в «Завидово», в 12.50 nрибыл на место."
"1981","1 ноября. воскресенье","ussr","СССР","Заречье","departure","В 13.00 Л.И.- прибыл из Завидово на дачу в «Заречье»."
"1981","5 ноября. nятница","ussr","СССР","Заречье","departure","В 18.30 Л.И. поехал на хоккей («Спартак»- «Динамо»), в 21.00 прибыл на дачу в «Заречье>>."
"1981","13 ноября. nятница","ussr","СССР","Завидово","departure","В 11.00 Л.И. -выехал в «Завидово», куда прибыл в 12.30."
"1981","15 ноября. воскресенье","ussr","СССР","Заречье","departure","Л.И. -из «Завидово>> выехал в ll;;q на дачу в Заречье"
"1981","22 ноября. воскресенье","foreign","ФРГ","Бонн","departure","В 17il Л.И. вылетел в ФРГ с официальным визитом и в 2Cfi6 прибыл в Бонн."
"1981","25 ноября. среда","ussr","СССР","Заречье","departure","В 18.10Л.И. прибыл на дачу в «Заречье>>."
"1981","26 ноября. четверг","ussr","СССР","Завидово","departure","JI.И. в 11 ч. 30 мин. выехал в Завидово и в 13.00 прибыл на место."
"1981","3 декабря, четверг","ussr","СССР","Заречье","departure","На дачу в «Заречье» прибыл в 1400."
"1981","11 декабря. nятница","ussr","СССР","Завидово","departure","Л.И. в 11.00 выехал в Завидово и в 12.45 прибыл на место."
"1981","13 декабря. воскресенье","ussr","СССР","Заречье","departure","В 13.15 Л.И.- прибыл на дачу в «Заречье»."
"1981","21 декабря. понедельник","ussr","СССР","Завидово","departure","Л.И. выехал из «Заречья>> в 1131.! в «Завидово>>, туда nрибыли в 1ЗШJ."
"1981","22 декабря. вторник","ussr","СССР","Завидово","stay","Л.И. находился в «Завидово>>."
"1981","25 декабря. пятница","ussr","СССР","Заречье","departure","В 17.40 Л.И. -выехал в особняк на Ленинские горы, откуда в 20.25 возвратился на дачу в «Заречье>>."
"1982","15 января. nятница","ussr","СССР","Завидово","departure","В 1 QJ!J выехал в Завидово."
"1982","17 января. воскресенье","ussr","СССР","Заречье","stay","В 1 3;ш ч. Л.И. вернулся из «Завидово>> на дачу «Заречье-б>>."
"1982","18 января. nонедельник","ussr","СССР","Заречье","departure","В 18.00 Л.И. выехал на дачу в «Заречье>>, куда nрибыл в 18.23."
"1982","29 января. пятница","ussr","СССР","Заречье","departure","В 1200 ч. Л.И. выехал из <<ЗареЧ~>я» на Красную площадь на похороны М.А. Суслова."
"1982","30 января. суббота","ussr","СССР","Завидово","stay","Л.И. - находился в <<Завидово» ( 11рибыл туда в 12.50 )."
"1982","4 февраля. четверг","ussr","СССР","Заречье","departure","В 18111 выехаJJи на стадион в Лужники, в 2 рю прибыли на дачу в «Заречье»."
"1982","5 февраля. пятница","ussr","СССР","Завидово","departure","Л.И. находиJJся в «Завидово» (прибыл туда в 12.50 )."
"1982","9 февраля. вторник","ussr","СССР","Заречье","departure","В 1 ВШ1 Л.И. выехал на хоккей в Лужники, в 20.50 прибьrJ1 на дачу в Заречье."
"1982","12 февраля. nятница","ussr","СССР","Завидово","departure","В [11.5 выехал в «Завидово»."
"1982","16 февраля. вторник","ussr","СССР","Заречье","departure","В 181Jl ч. Л.И. выехал на дачу «Заречье>>."
"1982","20 февраля","ussr","СССР","Завидово","stay","Л.И. находился в «Завидово»."
"1982","21 февраля. воскресенье","ussr","СССР","Заречье","departure","В 11.30 выехал в Москву и в 13.05 nрибыл на дачу в «Заречье>>."
"1982","23 февраля. вторник","ussr","СССР","Заречье","departure","В 1 8.30 выехал в «Лужники », откуда в 21 .00 возвратился на дачу в Заречье."
"1982","26 февраля. nятница","ussr","СССР","Завидово","departure","В II!&Л.И. выехал в <<Завидово>>."
"1982","28 февраля. воскресенье","ussr","СССР","Заречье","departure","В 1610 - выехал в Лужники, в 191!! вернулся в «ЗареЧhе»."
"1982","7 марта. воскресенье","ussr","СССР","Завидово","stay","Л. И. - находился в «Завидово»."
"1982","9 марта. вторник","ussr","СССР","Заречье","stay","На дачу в Заречье Л.И. возвратился в 21 10."
"1982","12 марта. nятница","ussr","СССР","Завидово","departure","В l!illi ч. Л.И. выехал в Завидово."
"1982","15 марта. понеnе.льник","ussr","СССР","Заречье","departure","В 182!1 Л.И. выехал в nоликлинику на у л. Грановского и в 19J!! возвратился на дачу в «Заречье»."
"1982","18 марта, четверг","ussr","СССР","Заречье","departure","В 19QQ выехали в больниuу на у л. Грановского, в 19.30 Л.И. nрибыл на дачу в «Заречье»."
"1982","20 марта. суббота","ussr","СССР","Завидово","stay","Л.И. находился в Завидово."
"1982","21 марта. воскресенье","ussr","СССР","Заречье","stay","Л.И. -возвратился из «Завидово» на дачу в «Заречье>> в 13QQ."
"1982","22 марта. nонедельник","ussr","СССР","Ташкент","departure","В 11 !Ш вылетел в r. Ташкент, куда прибыл в 1 фii"
"1982","24 марта. среда","ussr","СССР","Узбекистан","stay","Л.И. находился в Узбекистане."
"1982","25 марта. четверг","ussr","СССР","Ташкент","departure","В 12.15 Л.И. вылетел из Ташкента. В 16.15 nрибыл в аэропорт «Внуково-2», откуда проехал на Грановского. Прибыл туда в 16.50, остался там."
"1982","8 апреля. четверг","ussr","СССР","Заречье","stay","С 11.30 до 12.40 Л.И. выезжал ва дачу в «Заречье»."
"1982","7 мая. пятница","ussr","СССР","Завидово","departure","Л.И. в 11 !!Q выехал в «Завидово» и в 12 ч. 30 ми11. nрибыл на место."
"1982","10 мая. понедельник","ussr","СССР","Заречье","departure","В 21.05Л.И.прибыл на дачу в «Заречt>е»."
"1982","11 мая. вторник","ussr","СССР","Волгоград","departure","В 10Ji!! Л.И. приехал в Кремль. Переговорил по т[ елефо ]ну с тт.: т. Куличенко Л.С.- Волгоград, т. Мищенко ВЛ. ь Барнаул, т. Шакировым М.З. Уфа."
"1982","14 мая, nятница","ussr","СССР","Завидово","departure","Jl.И.- выехал с ;щчи в «Завидово» в 11ы в 12;;u были на месте."
"1982","16 мая. воскресенье","ussr","СССР","Заречье","departure","В 11.25 выехал в Москву и в 12.50 прибыл на дачу в «Заречье»."
"1982","18 мая. вторник","ussr","СССР","Заречье","departure","В 19.45- Л.И. выехал в КдС на к01щерт. Jюсвящен1шй XIX съезду ВЛКСМ, откуда в 20.55 11рибыл на дачу в «Заречье»."
"1982","20 мая, четверг","ussr","СССР","Краснодар","stay","Звонил Л.И. тов. Медунов С.Ф. (Краснодар), он находится в Москве, тел. 292-**-** '. nросил заnисать его на прием."
"1982","20 мая, четверг","ussr","СССР","Заречье","departure","Уехал Л.И. в 18Шi на дачу в Заречье."
"1982","28 мая. nятница","ussr","СССР","Завидово","departure","В II.IOЛ.И. выехал в «Завидово», в 12.30 nrиехал на место."
"1982","1 июня. вторник","ussr","СССР","Заречье","departure","Из Резиденции Л.И. в 18Ш1 выехал на дачу в «Заречье»."
"1982","4 июня. nятница","ussr","СССР","Завидово","departure","В 1 O:IU ч. Л.И. выехал в Завидово."
"1982","7 июня. nонедельник","ussr","СССР","Заречье","departure","Уехал Л. И. на дачу в «Заречье» в 181!!."
"1982","10 июня. четверг","ussr","СССР","Завидово","departure","В 11'1!! ч. выехал в Завидово."
"1982","13 июня, воскресенье","ussr","СССР","Заречье","departure","Л.И. в 112ii выехал и.з «Завидово» в 1300 прибыл на дачу в «Заречье»."
"1982","18 июня. nятница","ussr","СССР","Завидово","departure","В 1 ры Л.И. выехал в Завидово."
"1982","22 июня, вторник","ussr","СССР","Заречье","departure","В 18.30 Л. И. уехал на дачу в «Заречье»."
"1982","24 июня. четверг","ussr","СССР","Завидово","departure","В II!ОЛ.И. выехал в «Завидово>>, туда прибыл в 13.ill."
"1982","27 июня. воскресенье","ussr","СССР","Заречье","departure","В 12.40 Л.И. из «Завидово» прибыл на дачу в «Заречье»."
"1982","2 июля. пятница","ussr","СССР","Симферополь","departure","В 1 О ч. 30 мин. Л.И. выехал в Аэроnорт Внуково-11, а в 11 ч. 04 мин. сnецсамолетом отбыл в Симферополь, куда nрибыл в 12 ч. 51 мин."
"1982","4 июля. воскресенье","ussr","СССР","Ялта","stay","Л.И.- находился на отдыхе (Ялта)."
"1982","6 июля. вторник","ussr","СССР","Крым","stay","Л.И. находился на отдыхе в Крыму."
"1982","10 июля. суббота","ussr","СССР","Ялта","stay","Л.И.- находился на отдыхе (Ялта)."
"1982","22 июля, четверг","ussr","СССР","Крым","stay","Л.И. - находился на отдыхе в Крыму (Ялта)."
"1982","23 июля, nятница","ussr","СССР","Ялта","stay","Л.И. - находился на отдыхе в Ялте."
"1982","25 июля, воскресенье","ussr","СССР","Крым","stay","Л.И. - находился на отдыхе в Крыму (Ялта)."
"1982","26 июля, nонедельник","ussr","СССР","Ялта","stay","Л.И. - находился на отдыхе в Ялте."
"1982","1 сентября. среда","ussr","СССР","Заречье","departure","В 19.00 JJ.И. выехал на дачу в «Заречье»."
"1982","2 сентября. четверг","ussr","СССР","Киев","departure","В 11.01 JJ.И.- вылетел из аэропорта «Внуково-2>> в Киев, куда прибыл в 12.11."
"1982","5 сентября. воскресенье","ussr","СССР","Заречье","departure","В 18.48 Л.И. уехал в «Заречье», куда прибыл в 19.05."
"1982","9 сентября. четверг","ussr","СССР","Завидово","departure","В 11.15 Л.И. -выехал в Завидово, куда nрибыл в 12.00."
"1982","13 сентября. nонедельник","ussr","СССР","Заречье","departure","В 19.1 О Л.И. уехал на дачу в «Заречье»."
"1982","17 сентября. пятница","ussr","СССР","Завидово","departure","В 10.55 Л.И. выехал в «Завидово»."
"1982","19 сентября. воскресенье","ussr","СССР","Заречье","departure","В 11ЫJI.И. выехал из Завидово в Москву и в 121Jj прибыл в «Заречье»."
"1982","22 сентября. среда","ussr","СССР","Заречье","departure","Н 19.20 Л.И. выехал на дачу в «Заречье»."
"1982","24 сентября. nятница","ussr","СССР","Баку","departure","В 1000 выехал на аэродром Внуково- 11 и в 1 OJ!J вылетел в г. Баку."
"1982","27 сентября. nонедельник","ussr","СССР","Заречье","departure","В 13.50 приехал на дачу в «Заречье»."
"1982","2 октября. суббота","ussr","СССР","Завидово","stay","JI.И. находился в «Завидово»."
"1982","4 октября. nонедельник","ussr","СССР","Заречье","departure","Уехал JI.И. в 18;ы на дачу в Заречье."
"1982","6 октября. среда","ussr","СССР","Завидово","departure","Л.И. в 11 ч. 15 мин. выехал в Завидово, куда прибыл в 12 ч. 40 мин."
"1982","10 октября. воскресенье","ussr","СССР","Заречье","departure","Л.И. - из «Завидово» выехал в 11 оо, в 12:ш прибыл на дачу в «Заречье»."
"1982","15 октября. пятница","ussr","СССР","Завидово","departure","Л.И. в 11.20 выехал в «Завидово», куда прибыл в 1 3.00."
"1982","17 октября. воскресенье","ussr","СССР","Заречье","departure","В 11~ выехал в Москву и в 12</!i прибыл в «Заре%е-б»."
"1982","22 октября. nятница","ussr","СССР","Завидово","departure","Л.И. в 10:ill сдачи из «Заречья» выехал в «Завидово>>, туда прибыли в 12J!!."
"1982","24 октября. воскресенье","ussr","СССР","Заречье","departure","В 11.00 Л.И. выехал из Завидово в Москву. В 12.30 прибыл на дачу в Заречье."
"1982","26 октября. вторник","ussr","СССР","Заречье","departure","В 18.15 Л. И. уехал на дачу в «Заречье>>."
"1982","29 октября. пятница","ussr","СССР","Завидово","departure","В 10.50 Л.И. выехал в «Завидово», куда ПJтбыли в 12.:30."
"1982","31 октября. воскресенье","ussr","СССР","Заречье","departure","В 12.30 прибыл на дачу в «Заречье>>."
"1982","8 ноября. nонедельник","ussr","СССР","Завидово","departure","В IО;юЛ.И. из «Заречья» выехал в «Завидово», туда nрибыл в 122!!."
"1982","9 ноября. вторник","ussr","СССР","Заречье","departure","В \9 ч. 30 мин. Л.И. уехал на дачу в Заречье."
"1965","14 апреля. среда","нераспознанно",None,None,"unknown","С 11 до 14 ч. 30 м. находился на nереговорах с вьетнамской делегацией."
"1965","24 июня. четверг","нераспознанно",None,None,"departure","Уехал в 22Ш1."
"1965","14 июля. среда","нераспознанно",None,None,"unknown","Ефремов Л. Н. -доложено. Находится в гостf инице J «Украина» .N'2 828"
"1965","5 сентября. воскресенье","нераспознанно",None,None,"unknown","Возвратился в 15зu. Работал дома над документами."
"1965","8 сентября. среда","нераспознанно",None,None,"departure","Уехал в 23Шi."
"1965","13 сентября. nонедельник","нераспознанно",None,None,"unknown","Л.И. в командировке."
"1965","15 октября. пятница","нераспознанно",None,None,"departure","В 14!Ю Л. И. выехал в командировку."
"1965","26 ноября. nятница","нераспознанно",None,None,"departure","Уехал в J9illl."
"1965","4 декабря. суббота","нераспознанно",None,None,"departure","Уехал в 20QQ."
"1965","9 декабря. четверг","нераспознанно",None,None,"departure","Уехал в 20JJ1."
"1965","9 декабря. четверг","нераспознанно",None,None,"departure","Уехал в 2ЗШ1"
"1966","31 января","нераспознанно",None,None,"departure","Уехал в 213SJ.."
"1966","4 февраля","нераспознанно",None,None,"unknown","J1.11. - ltахолился в командировке."
"1966","5 февраля","нераспознанно",None,None,"unknown","Jl. И. нахол.нлся 11 командировке."
"1966","6 февраля","нераспознанно",None,None,"unknown",".Jl.И. ltахоюtлся в командировке."
"1966","7 февраля","нераспознанно",None,None,"unknown","Л.И. Н<IXOдltJICЯ в командировке."
"1966","8 февраля","нераспознанно",None,None,"unknown","Л.И. - находИJIСЯ в командировке."
"1966","9 февраля","нераспознанно",None,None,"unknown","Л. И. находился в командировке."
"1966","10 февраля","нераспознанно",None,None,"unknown","Л.И. в командировке."
"1966","11 февраля","нераспознанно",None,None,"unknown","Л.И. - находился в командировке."
"1966","12 февраля","нераспознанно",None,None,"unknown","Л.И. в lб!Ш возвратился из командировки."
"1966","20 февраля","нераспознанно",None,None,"unknown","Л.И. находился в командировке."
"1966","21 февраля","нераспознанно",None,None,"unknown","Л.И. находился в командировке."
"1966","22 февраля","нераспознанно",None,None,"unknown","122!!Л.И. возвратился из командировки."
"1966","1 марта","нераспознанно",None,None,"unknown","JI.И. находился в комаtщировке."
"1966","5 марта","нераспознанно",None,None,"departure","Уехал в командировку в 1400."
"1966","6 марта","нераспознанно",None,None,"unknown","Л.И. - находился в командировке."
"1966","7 марта","нераспознанно",None,None,"unknown","Л.И. - находился в командировке."
"1966","8 марта","нераспознанно",None,None,"unknown","Л.И. - находился в командировке."
"1966","9 марта","нераспознанно",None,None,"unknown","Л. И. - находился в командировке."
"1966","12 марта","нераспознанно",None,None,"unknown","Л.И. - находился в командировке."
"1966","14 марта","нераспознанно",None,None,"unknown","Л.И. - в командировке."
"1966","15 марта","нераспознанно",None,None,"unknown","Л.И. -находился в командировке."
"1966","3 апреля","нераспознанно",None,None,"departure","Уехал в 17rш."
"1966","4 апреля","нераспознанно",None,None,"departure","Уехал в 2ЗlШ."
"1966","5 мая","нераспознанно",None,None,"departure","Уехал в 2Pli."
"1966","23 мая","нераспознанно",None,None,"unknown","Л.И. в 1822 возвратился в Москну из nоездки во Влаnиносток."
"1966","24 мая","нераспознанно",None,None,"departure","Л J1. уехал в 231ш"
"1966","21 июня","нераспознанно",None,None,"departure","Уехал в 21Jj)."
"1966","24 июня","нераспознанно",None,None,"departure","В 91.!!! JI.И. вместе с A.l 1. Косыгиным вылетел в командировку (прибыл в 1202)."
"1966","9 сентября","нераспознанно",None,None,"departure","Уехал в 18J9."
"1966","30 сентября","нераспознанно",None,None,"departure","Jl.И. уехал в 2Qllii"
"1966","4 ноября","нераспознанно",None,None,"departure","Уехал за город в IЗJJ2."
"1966","21 ноября","нераспознанно",None,None,"departure","Уехал в 182ft."
"1966","2 декабря","нераспознанно",None,None,"unknown","Л.И. находился в Буда11еште."
"1966","23 декабря","нераспознанно",None,None,"unknown","Л.И. в командировке."
"1966","24 декабря","нераспознанно",None,None,"unknown","Л.И. - в командировке."
"1966","25 декабря","нераспознанно",None,None,"unknown","Л.И. - в командировке."
"1966","26 декабря","нераспознанно",None,None,"unknown","Л.И. - в командировке."
"1966","27 декабря","нераспознанно",None,None,"unknown","В 19illl Л.И. возвратился из командировки."
"1967","6 января","нераспознанно",None,None,"departure","17JS!. поездом с Курского вокзала Л.И. отбыл в командировку."
"1967","11 января","нераспознанно",None,None,"unknown","Л.И. убыл в командировку в 17З!!.."
"1967","16 января","нераспознанно",None,None,"departure","В 2200 отбыл в Шитпо-Ланск."
"1967","18 января","нераспознанно",None,None,"unknown","Л.И.находился в командировке."
"1967","26 января","нераспознанно",None,None,"departure","Уехал в 2Qi0."
"1967","1 февраля","нераспознанно",None,None,"departure","Уехал в 223D."
"1967","2 февраля","нераспознанно",None,None,"unknown","В 18;шЛ.И. поездом с Киевского вокзала убыл в командировку."
"1967","3 марта","нераспознанно",None,None,"unknown","Л.И. по предписанию врачей находился на постельном режиме (гриnп)."
"1967","21 марта","нераспознанно",None,None,"departure","Л.И. уехал в 21Ш1."
"1967","24 марта","нераспознанно",None,None,"departure","Л.И. уехал в 19Ш1."
"1967","30 марта","нераспознанно",None,None,"departure","Уехал в 22зu."
"1967","4 апреля","нераспознанно",None,None,"departure","Уехал в 221Ш."
"1967","4 апреля","нераспознанно",None,None,"departure","Уехал в 171Ш."
"1967","28 апреля","нераспознанно",None,None,"departure","Уехал в 22QQ."
"1967","30 мая","нераспознанно",None,None,"departure","В 1300 Л.И. отбыл в командировку."
"1967","31 мая","нераспознанно",None,None,"unknown","Л.И. находился в командировке."
"1967","1 июня","нераспознанно",None,None,"unknown","Л.И. находился в командировке."
"1967","2 июня","нераспознанно",None,None,"unknown","Л.И. находился в командировке."
"1967","19 июня","нераспознанно",None,None,"departure","Уехал в 21QQ."
"1967","27 июня","нераспознанно",None,None,"departure","Уехал в JЗJI2 (на nохороны )."
"1967","30 июня","нераспознанно",None,None,"departure","Уехал в 17Мl."
"1967","20 июля","нераспознанно",None,None,"departure","В 1000. с аэродрома Внуково-2 Л.И. отбыл на отдых в Ялту."
"1967","6 сентября","нераспознанно",None,None,"departure","В 8;ю Л.И. во главе Партийно-правительств[ е н ной 1 делегации с аэродрома Внуково-2 отбыл в Венгерскую Народн[ую 1 Ресnублику."
"1967","7 сентября","нераспознанно",None,None,"unknown","Л.И. находился в Венгерск/ ой 1 Народи[ ой 1 Респ[убли lке во главе Парт[ ийно ]- правит[ ельственной 1 делегации."
"1967","18 сентября","нераспознанно",None,None,"departure","В 1900 Л.И. уехал в КДС на заключительный концерт мастеров искусств Украинской ССР."
"1967","27 сентября","нераспознанно",None,None,"departure","Уехал в J9llii"
"1967","20 октября","нераспознанно",None,None,"departure","В J850Л.И. выехал в КДС на заключительный коннерт Всесоюзного фестиваля самодеятельного искусства, nосвященного 5Qrнлетию Октябрьской революции."
"1967","18 декабря","нераспознанно",None,None,"departure","Уехал в 201Ш."
"1967","20 декабря","нераспознанно",None,None,"departure","Уехал в 231Ш."
"1967","22 декабря","нераспознанно",None,None,"unknown","Л. И. в командировке."
"1967","24 декабря","нераспознанно",None,None,"unknown","Л.И. в командировке."
"1968","12 января","нераспознанно",None,None,"departure","В 1000 Л.И. с аэроnорта «Внуково 2» отбыл в командировку."
"1968","14 января. воскресенье","нераспознанно",None,None,"unknown","Л.И. вместе с тт. Подгорным Н.В. и Косыгиным А. Н. находился в командировке"
"1968","19 января","нераспознанно",None,None,"departure","Уехал в J4illl."
"1968","10 февраля. tуббота- выходной день","нераспознанно",None,None,"departure","Уехал в tsao."
"1968","5 апреля","нераспознанно",None,None,"departure","Уехал в 211JJ."
"1968","5 апреля","нераспознанно",None,None,"departure","Уехал в 221Ш."
"1968","5 апреля","нераспознанно",None,None,"departure","Л.И. уехал в 22iU."
"1968","25 апреля","нераспознанно",None,None,"departure","Л. И. уехал в 2300_"
"1968","28 апреля. воскресенье (выходной день)","нераспознанно",None,None,"departure","В 18ЫЛ.И. выехал в Домприемовна обед в честь делегации СКЮ."
"1968","9 мая","нераспознанно",None,None,"departure","Л.И. уехал в IЗJU."
"1968","18 мая. суббота (выходной день)","нераспознанно",None,None,"departure","Л.И. уехал в 15Jii."
"1968","4 июня","нераспознанно",None,None,"departure","Уехал в 2QQQ."
"1968","7 августа","нераспознанно",None,None,"departure","В l~Л.И. выехал в аэропорт Внуково 11. В 16;ш вылетел самолетом в Ялту на отдых."
"1968","6 сентября","нераспознанно",None,None,"departure","В 9ill1 Л.И. вылетел самолетом в командировку (Астрахань)."
"1968","11 сентября","нераспознанно",None,None,"departure","Л. И. уехал в 2Qilll."
"1968","28 сентября. суббота","нераспознанно",None,None,"unknown","Л.И. находился на городской квартире."
"1968","25 октября","нераспознанно",None,None,"departure","В 18iШЛ.И. выехал в КдС, где присутствовал на праздничном концерте."
"1969","9 апреля. среда","нераспознанно",None,None,"unknown","Л.И. находился на городской квартире."
"1969","17 апреля. четверг","нераспознанно",None,None,"unknown","Л. И. находился на городск[ой] квартире, работал над документами. Несколько раз звонил в П риемную. По его nросьбе наnравил nакет с ш[ ифр"
"1969","25 июня, среда","нераспознанно",None,None,"departure","Л.И. уехал в 21Ш1."
"1969","27 июня. пятница","нераспознанно",None,None,"departure","Л.И. уехал в 231Ji."
"1969","31 августа. воскресенье","нераспознанно",None,None,"unknown","Л.И. из Астрахани возвратился в Ялту."
"1969","29 сентября. понедельник","нераспознанно",None,None,"departure","В 181Q Л. И. совместно с др. членами Политбюро выехал в КДС на заключительный концерт артистов ГДР"
"1969","3 октября. пятница","нераспознанно",None,None,"departure","В 18.20 Л. И. выехал в Большой театр на вечер, nосвященный 1 00-летию со дня рождения"
"1969","7 ноября. пятница","нераспознанно",None,None,"unknown","С 1 0-13fШ Л.И. находился на трибуне Мавзолея В.И. Ленина, где в честь 521i годовщины"
"1969","27 ноября. четверг","нераспознанно",None,None,"departure","В gш Л.И. выехал в КдС на утре н н[ ее 1 заседание съезда колхозников, а также на закрытие съезда."
"1969","6 декабря. суббота","нераспознанно",None,None,"departure","В 121.0 ч. Л.И. выехал в Дом Союзов на похороны то в. Ворошилова К. Е."
"1970","6 января","нераспознанно",None,None,"unknown","Л.И. находился в 6( ольни ]це на Грановского."
"1970","10 января","нераспознанно",None,None,"departure","Л.И.- до 1300 находился в б[ольни)це на Грановского, в 13111 прибыл на кв[артиру)."
"1970","23 января","нераспознанно",None,None,"departure","В 9!11 Л.И. выехал с кв[ арти ]ры на Ленгоры в Дом nриемов на nереговоры с nрезидентом"
"1970","25 января","нераспознанно",None,None,"departure","Л.И. в 1 (}1!1 выехал с кв[ арти ]ры в Дtjм мри резиденцию Г.А. Насера д.тiЯ nродолжения nере говоров."
"1970","26 января","нераспознанно",None,None,"departure","В 9QO Л.И. выехал в особняк на Ленгоры."
"1970","12 февраля","нераспознанно",None,None,"departure","В l бW ч. Л.И. выехал в Горки Х. Возвратился в Барвиху в 2Ql.O ч."
"1970","14 апреля","нераспознанно",None,None,"departure","Л. И. отбыл в Ульяновск."
"1970","2 мая","нераспознанно",None,None,"departure","В 142!!Л.И. выехал из «Завидово», в lбШIЛ.И. прибыл на дачу."
"1970","23 июля","нераспознанно",None,None,"departure","В 142!!Jl.И. выехал на аэродром Внуково-2 и оттуда отбыл самолетом в Ялту(в 1500)."
"1970","28 июля","нераспознанно",None,None,"unknown","Л.И. находился в ЦКБ - на лечении."
"1970","18 сентября","нераспознанно",None,None,"departure","В 15ш; ч. Л.И. выехал в «Барсуки»."
"1970","18 сентября","нераспознанно",None,None,"departure","В 1 бЫ прибыл в охот[ ничье) хоз[ яйст )во."
"1970","7 ноября","нераспознанно",None,None,"departure","В 1 бШ! Л.И. выехал в Барсуки."
"1970","18 ноября","нераспознанно",None,None,"departure","В 23;ш Л. И. выехал в особняк на Ленгоры к т. Гусаку Г."
"1970","20 ноября","нераспознанно",None,None,"departure","В 1200 Л.И. вместе с тт. Кириленко АЛ. и Сусловым М.А. выехал в Краснознаменный зал"
"1971","6 февраля","нераспознанно",None,None,"departure","1-l!.Ш ч. J!Ji. выехал в Занидоно."
"1971","31 марта","нераспознанно",None,None,"departure","В gm ч. Л.И. выехал на утреннее заседание съе:ща."
"1971","31 марта","нераспознанно",None,None,"departure","В !51:! вместе с т. Кириленко АЛ. выехал в КдС на вечернее заседание съезда."
"1971","8 апреля","нераспознанно",None,None,"departure","В 14l!! Л.И. выехал в КдС на nрием в честьделегатов и гостей XXIV парт[ийноrо] съезда."
"1971","5 мая","нераспознанно",None,None,"unknown","Jl.И. находился в больнИL\е."
"1971","6 мая","нераспознанно",None,None,"unknown","Jl.И. находился в б[ольни]це на Грановского, вечером принял т. Цуканова Г.Э."
"1971","21 мая","нераспознанно",None,None,"departure","В 8~ Л.И. выехал в командировку."
"1971","14 июня","нераспознанно",None,None,"departure","В 15.lli Л.И. вылетел самолетом в составе делегации на Vlll съезд СЕПГ."
"1971","30 июня","нераспознанно",None,None,"departure","В 12Шi ч. выехал в Центральный Дом Советской Армии для прощания с космонавтамtt."
"1971","2 июля","нераспознанно",None,None,"departure","Выехал на Jlaчy Л.И. в 231.5."
"1971","11 июля","нераспознанно",None,None,"departure","В 1SOZ самолетом вылетел на юг в Ялту на отдых."
"1971","17 июля","нераспознанно",None,None,"unknown","JI.И. находился на отдыхе."
"1971","11 сентября","нераспознанно",None,None,"departure","В 11 ;ш Л.И. выехал в rюшrклинику на Грановского, в 15illl возвратилея на дачу, nереговорил tro тещ•фону: с тт. Сусловым М.А., Демичевым П.Н., Андроnовым Ю.В., "
"1971","18 сентября","нераспознанно",None,None,"unknown","В J5И Л.И. nроводил В. Брандта на Симфероnольском аэродроме и в 173fl вернулся в Ялту."
"1971","23 октября","нераспознанно",None,None,"departure","В 1 о.ш Л.И. с дачи выехал на телестудию в Останки но."
"1971","10 ноября","нераспознанно",None,None,"departure","В 1800 возвратился на дачу и в J8Ш! выехал в «Завипово»."
"1972","7 января. nятница","нераспознанно",None,None,"departure","В 1 O;;u Л.И. выехал н Кремлt> на 3аседание Поюпбюро."
"1972","30 марта. четверг","нераспознанно",None,None,"departure","В 1 Q.&Л.И. выехал в Кремт., на заседание ПБ. С 11Ш1 до 2ЗЫ руководил заседанием ПБ."
"1972","18 апреля. вторник","нераспознанно",None,None,"departure","В 92ii ч. выехал на Красную nлощадь."
"1972","23 мая, вторник","нераспознанно",None,None,"departure","В 8:Ш Л.И. выехал с дачи и в KpeмJLL, nрибыл в 8:15."
"1972","26 июня, nонедельник","нераспознанно",None,None,"departure","В 14Ш Л. И. выехал в юропорт «Внуково-2», где вместе с тт. Подгорным Н.В.,"
"1972","26 августа, суббота","нераспознанно",None,None,"departure","В 14.40 Л.И. прибыл в Барнаул (Алтай)."
"1972","26 августа, суббота","нераспознанно",None,None,"unknown","Л.И. находился в Барнауле."
"1972","26 августа, суббота","нераспознанно",None,None,"unknown","Л.И. находился в командировке ( Барнаул )."
"1972","19 сентября. вторник","нераспознанно",None,None,"departure","В 1 ~ы выехал на выставку сельхозмашнн в парке СокоJlьннкн."
"1972","13 октября. nятница","нераспознанно",None,None,"departure","В 1 О ч. 50 мин. Л.И. приехал в Центральную клиническую больниu.у."
"1972","21 ноября. вторник","нераспознанно",None,None,"unknown","С 13.00 до 14.45 мин. Л.И. находился на чествовании М"
"1972","3 декабря. воскресенье","нераспознанно",None,None,"departure","В 11 ч. 50 мин. Л.И. приехал на городскую квартиру."
"1972","7 декабря. четверг","нераспознанно",None,None,"departure","В 16!.!!! выехал на городскую квартиру."
"1972","18 декабря, понедельник","нераспознанно",None,None,"unknown","С 10.00до 15 ч. 30 м. Л.И. находился на Пленуме ЦК КПСС, а с 18.00до 20.00 на сессии"
"1972","22 декабря. пятница","нераспознанно",None,None,"departure","В 14:ш Л. И. прибыл в КДС, откуда в 2QilU отбыл на дачу. На дачу отправлялись документы."
"1973","30 января. вторник","нераспознанно",None,None,"unknown","С 18Ш1Л.И. находился на официальном обеде от имен11 Политбюро ЦК КПСС в честь вьетнамской делегации."
"1973","19 февраля. nонедельник","нераспознанно",None,None,"departure","В 1700 отбыл на церемонию вручения тов. Подгорному Н.В. в связи с 70-летием ордена"
"1973","8 марта. четверг","нераспознанно",None,None,"departure","В l()l!!ЛJ1. приехал в Кремт •."
"1973","15 марта. четверг","нераспознанно",None,None,"unknown","С 11 оо до 142!! Л.И. находился на Политбюро."
"1973","20 марта, вторник","нераспознанно",None,None,"departure","В 12:!li ч. Л.И. прибыл из Завидово в Кремт •."
"1973","24 апреля. вторник","нераспознанно",None,None,"unknown","С J 000 до J бill! Л.И. находился на Пленуме ЦК КПСС."
"1973","5 июня. вторник","нераспознанно",None,None,"departure","В 10.25 Л.И. прибыл в КремJrь."
"1973","2 июля. nонедельник","нераспознанно",None,None,"departure","Л. И. в 920 выехал из «Завидово» и прибыл в IIШi в <<Заречье»."
"1973","5 июля. четверг","нераспознанно",None,None,"departure","В 9;ш вертолетом вылетел на военный аэродром «Кубинка», где ознакомился с боевыми самолетами."
"1973","12 июля. четверг","нераспознанно",None,None,"unknown","С 11 ч. 20 м. до 13 ч. 1 О м. Jl.И. находился в ltoJlИКJtИtJИкe."
"1973","16 июля. понедельник","нераспознанно",None,None,"departure","В 19 ч. 20 мин. Л. И. приехал в Крсмт,. 11ереговорил по телефону с тт. Косыгиным А. Н .."
"1973","19 июля. четверг","нераспознанно",None,None,"departure","В 8hi ч. Л.И. выехал в rюликлИJшку."
"1973","31 июля. вторник","нераспознанно",None,None,"unknown","Л.И. находился в Кrыму."
"1973","9 августа. четверг","нераспознанно",None,None,"departure","В 14QQ из Завидово на вертолете вылете.п на дачу, откуда в 141ill выехал в Крсмт,."
"1973","1 октября. понедельник","нераспознанно",None,None,"departure","В 1112Л.И. вертолетом вылетел из <<Ручья» в «Зape'il>e» б."
"1973","4 октября, четверг","нераспознанно",None,None,"departure","Л.И. прибыл в КремJJь I 3:.ш приннл тт. Цуканова ГЭ., Черненко К. У"
"1973","18 октября. четверг","нераспознанно",None,None,"unknown","С 1 ,51!1-1700 Л.И. находился на засепании Политбюро."
"1973","7 ноября. среда","нераспознанно",None,None,"departure","В J3iili выехал на nрием, где выстуnил с речью."
"1974","23 января","нераспознанно",None,None,"departure","Л.И. в 10.50 приехал в КpeмJll,."
"1974","1 марта","нераспознанно",None,None,"departure","В g;ыл.и. приехал в Кремт,."
"1974","3 марта","нераспознанно",None,None,"departure","Л.11. находился в б[ольни]це на Граrювского, звонил в Приемную, в 13-l.ОЛ.И. приехал в К/JeMJib, переговорил по теJiефону с тт. Александровым А.М., Цукановым Г."
"1974","25 марта","нераспознанно",None,None,"departure","В 10.40 JI.И. прибыл в Кремт •. С 10.50 проходила е т беседа с американскими корресtюuдснтами, освещающt!МИ вюит в СССР Г Киссющжера. с 11.05 ДО 14.00 состоялис"
"1974","1 апреля","нераспознанно",None,None,"departure","В 1 оы выехал в 1юсольство Фраtщ~tи."
"1974","11 апреля","нераспознанно",None,None,"departure","В 1 б:Ш с обеда Л. И. прибыл в КремJrь, где работал с документами."
"1974","15 апреля","нераспознанно",None,None,"departure","В 17;ш Л. И. выехал на Белорусский воюал."
"1974","22 мая","нераспознанно",None,None,"departure","В 1~Л.И. уехал в б[ольни]цу на Грановского."
"1974","27 мая","нераспознанно",None,None,"unknown","Л. И. находился в больиице."
"1974","5 июня","нераспознанно",None,None,"departure","В 181!!Jl.И. уехал в б[олыш]uу на Грановского."
"1974","2 июля","нераспознанно",None,None,"departure","Л.И. в 9 ч. 40 мин. приехал в Кремт, - в БoJtLttюii Кремлевский Дворец."
"1974","19 июля","нераспознанно",None,None,"unknown","Л.И. находился на отдыхе в Кrыму."
"1974","28 июля","нераспознанно",None,None,"departure","В 1 ~ ч. Л.И. выехал из Заречья в IЮJIИКJrинику rra у л. Грановского."
"1974","8 сентября","нераспознанно",None,None,"departure","В 12 ч. 20 мин. Л.И. на вертолете вылетел из Новороссийска в Анаnу и nриземлилея в Анапе в 12 ч. 45 м."
"1974","10 сентября","нераспознанно",None,None,"departure","В 1911 Л.И. выехал в Санупр[ авление j. В 20:ш выехал из Санупр[ авления 1 на дачу и прибыл в 20Ш."
"1974","26 сентября","нераспознанно",None,None,"departure","В 1810 Л.И. выехал в Большой театр Союза ССР на ()фtittllllo/lьtt()e ft()eeщetttJe спектакль"
"1974","30 сентября","нераспознанно",None,None,"departure","В 15Ы Л.И. выехал во Внуково на nроводы венгерской делегации."
"1974","4 октября","нераспознанно",None,None,"departure","В 9-i5 Л.И. приехал в Кремт,."
"1974","5 октября","нераспознанно",None,None,"unknown","Шёнефельд. Затем на автомашине по спецмаршруту отправился в город."
"1974","14 октября","нераспознанно",None,None,"departure","В lбJI.IЛ.И. приехал в Кремщ,,"
"1974","17 октября","нераспознанно",None,None,"departure","В 1(}2!) Л.И. выехал на открытие выставки НРБ."
"1974","30 октября","нераспознанно",None,None,"departure","В 17Ш выехал во Внуково 11 на нраводы канцлера ФРГ Г Шмидта."
"1974","1 декабря","нераспознанно",None,None,"unknown","Л.И. находился на даче, звонил в 11риемную К. У. Черненко; по тел[ ефону] переговорил с тт. Цукановым Г.Э .. Боголюбовым К.М., Подгорным Н.В."
"1974","4 декабря","нераспознанно",None,None,"departure","В 21 15 Л.И. прибыл в резиденцию в замке Рамбуйе."
"1974","26 декабря","нераспознанно",None,None,"departure","В 11 ч. 55 мин. Л.И. приехал в Кремт,, переговорил по телефону с тов. Андроповым Ю.В."
"1975","8 января","нераспознанно",None,None,"departure","В 1210 приехал в Дом ученых на гражданскую па нихиду по СJJучаю кончины своей матери ~"
"1975","24 февраля","нераспознанно",None,None,"departure","Л.И. находился на даче, в 12 ч. 30 MIIIJ. приехал в KpeMJII>. Принял тов. ЧернеiJКО к.~· .."
"1975","23 марта","нераспознанно",None,None,"unknown","Л. И. находился на даче, звонил в nрнемную то в. Черненко К. У. (дважды)."
"1975","31 марта","нераспознанно",None,None,"unknown","В 1800 Л.И. выезжал в nоликлинику на Грановского, в 21 00 возвратился на дачу."
"1975","3 мая","нераспознанно",None,None,"unknown","Л.И. - находился на даче, звонил в nриемные ЦК и Кремля."
"1975","9 мая","нераспознанно",None,None,"departure","В 21 оо Л.И. с дачи выехал в больнину на Грановского."
"1975","15 июня","нераспознанно",None,None,"departure","В 11 ч. 40 мин. Л.И. выехал на избирательный участокдля голосования по выборам в"
"1975","30 июня","нераспознанно",None,None,"departure","В 173!J выехал в nоликлинику на Грановского и в 18:1!1 выехал на дачу."
"1975","13 июля","нераспознанно",None,None,"unknown","Л.И.- работал на даче, звонил в Приемную ЦК. переговорил по телефону с т. Черненко К. У. выезжал в полиКJJинику на Грановского."
"1975","15 июля","нераспознанно",None,None,"departure","РСФСР девятого созыва, nосле чего прибыл в кабИitет."
"1975","24 июля","нераспознанно",None,None,"departure","В 13:1.> приехал в Кремю •."
"1975","31 августа","нераспознанно",None,None,"unknown","Л.И. находился на даче, звонил в Прнемную ЦК. flереговорнл rю телефону с т. Кириленко АЛ."
"1975","2 сентября","нераспознанно",None,None,"unknown","Вечером выезжал в спецnолиКJIИIJику."
"1975","16 сентября","нераспознанно",None,None,"departure","В 14~ Л.И. приехал в КремJiь, работал с документами, были разобраны архивные материалы."
"1975","10 октября","нераспознанно",None,None,"departure","В 900 Л. И. прибыл в КремJJь."
"1975","11 октября. clylб 1 бота!","нераспознанно",None,None,"departure","В J9i0 ч. Л.И. выехал в «санупр[ авление ]». В 212.0 возвратился на дачу."
"1975","24 октября","нераспознанно",None,None,"departure","В 100!.1JI.И. приехал в Кремю,."
"1975","30 октября","нераспознанно",None,None,"departure","В 1 62!1 выехал на подписание советеко-вьетнамских документов, а затем на 11рием."
"1975","7 ноября","нераспознанно",None,None,"departure","В gы Л.И. выехал из «Заречья» на Красную nлощадь."
"1975","2 декабря","нераспознанно",None,None,"departure","JI.И. в 9 ч. 45 мин. прибыл в Бш1ыJюf! Кремлевский Дворе н."
"1975","18 декабря","нераспознанно",None,None,"unknown","Л.И. находился в «Зав1щово>>."
"1976","2 февраля","нераспознанно",None,None,"departure","Звонил т. НовиковИТ - вылетел в Инсбрук 11е доложено."
"1976","17 февраля","нераспознанно",None,None,"departure","В 11 ч. 55 мин. Л.И. уехал на дачу, где nродолжал работать наддокладом на предстоящем"
"1976","27 февраля","нераспознанно",None,None,"unknown","С 161.2 находился на вечернем заседании в обсуждении Отчета ЦентраJtыюrо Комитета"
"1976","4 апреля","нераспознанно",None,None,"departure","В J2illl JI.И. прибыл в КрсмJiь. ПсреговориJI по тежфону с тт. СуСJJовым М.А.,"
"1976","29 апреля","нераспознанно",None,None,"unknown","Совета Обороны в 1 62!1 возвратился в KreмJlb."
"1976","29 апреля","нераспознанно",None,None,"departure","В 1 QO!l Л.И. выехал на автозавод имени И.А. Лихачева, где встретился с рабочими автозавода ЗИЛ и выступил с речью, вручил орден Октябрьской революции (заводу)."
"1976","13 мая","нераспознанно",None,None,"departure","В 181.1 выехал в nоликлинику на Грановского и в 2001! выехал на дачу."
"1976","21 августа","нераспознанно",None,None,"departure","В 11оол.И. вертолетом вылетел в Астрахань и в 14.00 был на месте."
"1976","5 сентября","нераспознанно",None,None,"departure","В 1 TJJJ Л.И. выехал на дачу, куда nрибыл в 17iШ."
"1976","6 сентября","нераспознанно",None,None,"departure","В 19iШ ч. Л.И. уехал в сан[ итарное] ynp[ авление] на Мичуринский np( осnек]т."
"1976","28 сентября","нераспознанно",None,None,"departure","В 17fii выехал в nоли кл[ и ни ]куна ул. Грановского, в 19llil возвратился на дачу."
"1976","28 октября","нераспознанно",None,None,"departure","В 141.2 Л.И выехал на второе заседание Совета Союза."
"1976","7 ноября","нераспознанно",None,None,"departure","Л. И. в 93!! ч. выехал с дачи на nарад, в !2Jil - на дачу, в l З:li! с дачи на nрием, в l4:lli - на дачу."
"1976","10 ноября","нераспознанно",None,None,"departure","В 17.50 Л.И. выехал на обед, который дает польская сторона в гостинице Советская."
"1976","2 декабря","нераспознанно",None,None,"unknown","С 11)!!0 Л.И. находился в почетном карауле у гроба с телом Маршала Советского Союза"
"1977","13 января","нераспознанно",None,None,"departure","В 1 OJ!! Л.И. приехал в Кремт,."
"1977","23 января","нераспознанно",None,None,"unknown","Вечером выезжал в спецгюлиКJJинику на Мичуринском пр[ оспек]те, откуда в 20.45 Л.И. орибыл на дачу."
"1977","3 февраля","нераспознанно",None,None,"departure","Уехал на дачу в 15tю ч."
"1977","25 марта","нераспознанно",None,None,"departure","В 1 OJJ1 Л.И. выехал с дачи на Международную выставку «Сатира в борьбе за мир»."
"1977","25 марта","нераспознанно",None,None,"departure","В 172fl выехал в КДС на заключительное заседаftие."
"1977","13 мая","нераспознанно",None,None,"unknown","В 131J.>Л.И. вернулся в Кремю,."
"1977","25 мая","нераспознанно",None,None,"departure","В 102<iЛ.И. приехал в Кремт,."
"1977","26 мая","нераспознанно",None,None,"departure","В 1~ч.Л.И. приехал в Кремт •."
"1977","27 мая","нераспознанно",None,None,"unknown","С 1 100 до 12~ находился на заседании Презилиума Верховного Совета СССР в здании"
"1977","4 июля","нераспознанно",None,None,"departure","В 18.:ШЛ.И. выехал в КдС на балет <<Спартак»."
"1977","16 августа","нераспознанно",None,None,"unknown","В 2110 Л.И. возвратился на дачу в Заrечье."
"1977","18 августа","нераспознанно",None,None,"departure","В J9ШlЛ.И. выехал на концерт в Государственный Центральный концертный зал."
"1977","26 сентября","нераспознанно",None,None,"departure","В 19Ш1 ч. выехал в nоликлинику, в 201Ш ч. приехал на дачу."
"1977","30 сентября","нераспознанно",None,None,"departure","В 1 О:Ш выехал в Президиум ВС."
"1977","21 октября","нераспознанно",None,None,"departure","В 1 ЗОО прибыл в Кrемль, просмотрел документы, переговорил по телефону с т. Черненко К. У. и в 13:& выехал на дачу."
"1977","27 октября","нераспознанно",None,None,"departure","В 90Ji Л.И. выехал на телестудию в «Останкино» для заnиси интервью иностранным телевизионным компаниям."
"1977","31 октября","нераспознанно",None,None,"departure","И. выехал на дачу, куда nрибыл в 19JJ!."
"1977","8 ноября","нераспознанно",None,None,"unknown","Л.И. находился на д11че."
"1977","7 декабря","нераспознанно",None,None,"departure","Л.И. в 11 ч. 35 мин. выехал с дачи в Краснознаменный зал lЩСА для прощения спокойным маршалом Сов[ етского] Союза Василевским А. М."
"1977","9 декабря","нераспознанно",None,None,"departure","В g;ш Л.И. приехал в Кrемль."
"1977","16 декабря","нераспознанно",None,None,"unknown","Л. И. находился в б( ольни ]це на Грановского."
"1978","4 февраля 1978 г.","нераспознанно",None,None,"unknown","Л.И. находился в «Зав11дово»."
"1978","23 февраля","нераспознанно",None,None,"departure","В 16bl Л.И. отбыл в Дом приемов (на Ленинских горах) на nрием в честь 60-летия"
"1978","2 марта","нераспознанно",None,None,"departure","В 10 ч. 15 мин. Л.И. приехал в Kreмm,."
"1978","7 марта","нераспознанно",None,None,"departure","В 1 БЫ Л.И. выехал в ГАБТ на торжеетвенное заседанне. nосвященное Международному женскому дню 8 Марта."
"1978","15 марта 1978 r.","нераспознанно",None,None,"departure","В 181i.2 J1.И. выехал в J1ужники."
"1978","28 марта","нераспознанно",None,None,"departure","В 18J!! Л.И. выехал с дачи на Курский вокзал, откуда в 1900 он выехал в поездку по стране."
"1978","31 марта 1978 г.","нераспознанно",None,None,"unknown","Л.И. - находился в nоездке no районам Сибири и Щ альнего J Востока."
"1978","31 марта 1978 г.","нераспознанно",None,None,"unknown","Л.И. находился в nоездке по районам Сибири и Дальнего Востока."
"1978","31 марта 1978 г.","нераспознанно",None,None,"unknown","Л.И. находился в командировке во ВладивоL'Токе."
"1978","22 апреля Суббота","нераспознанно",None,None,"departure","В 1 ()>11 Л.И. с дачи выехал в Останки но для заnиси выстуnления на телевидение."
"1978","7 июня","нераспознанно",None,None,"departure","В 17 ч. 50 мин. выехал на nереговоры с королем Швеции Карлом XV1 Густавом и с 19.00 присутствовал на обеде в его честь. В 20 ч. 50 мин. Л.И. выехал на дачу."
"1978","31 августа 1978 г.","нераспознанно",None,None,"departure","В 17.00 Л.И. прибыл nоездом на Курский вокзал."
"1978","7 ноября 1978 г.","нераспознанно",None,None,"departure","В 1ЗП выехал в КДС на nрием, где выступил с речью."
"1978","23 ноября 1978 г.","нераспознанно",None,None,"departure","Л.И. из «Заречья>> выехал в 101!! в Домnриемовна заключительное заседание ПКК. которое состоялось с 11- 13J!i."
"1978","24 декабря 1978 г.","нераспознанно",None,None,"departure","В 18.35 Л.И. выехал в цирк на Ленинских горах."
"1978","25 декабря 1978 г.","нераспознанно",None,None,"departure","В 18!.1Jl.И. выехал в Малый театр Союза ССР"
"1979","25 января","нераспознанно",None,None,"departure","В 9;ю Л.И. выехал с дачи на nартийную городскую конференцию в Дом Союзов."
"1979","12 апреля в 2.35 звонил тов. Смирнов Л. В.","нераспознанно",None,None,"departure","В 20.1 О из «Заречья>> выехал в «Лужники>> на чемпионат мира и Европы по хоккею."
"1979","12 апреля в 2.35 звонил тов. Смирнов Л. В.","нераспознанно",None,None,"unknown","В 23!Ш Л.И. вернулся на Грановского."
"1979","20 апреля","нераспознанно",None,None,"departure","В 19.15 выехал в Лужники на чемnионат мира и Евроnы по хоккею."
"1979","1 мая","нераспознанно",None,None,"departure","В 9.2!1 ч. Л.И. выехал на Красную nлощадь."
"1979","30 мая","нераспознанно",None,None,"departure","Партийно-правительственной делегации с официальным визитом отбыл в Венгерскую"
"1979","1 июня","нераспознанно",None,None,"unknown","Л. И. находился в Венгерской Народной Ресnуб.пике с официальным дружественным визитом."
"1979","15 июня","нераспознанно",None,None,"departure","В 10.07 самолет с Л.И. и делегацией отбыл в Вену и в 12 ч. 40 мин. nрибыл в Вену."
"1979","17 июня","нераспознанно",None,None,"unknown","Л. И. находился в Австрии."
"1979","22 июня","нераспознанно",None,None,"departure","В 19.00 Л.И. выехал с дачи на Курский вокзал, откуда в 19.30 поездом выехал на Юг."
"1979","7 июля","нераспознанно",None,None,"unknown","В J4112Л.И. вернулся в Ялту."
"1979","26 сентября","нераспознанно",None,None,"departure","В 18 ч. 40 мин. Л.И. уехал в цирк на Цветном бульваре, и в 22.1 О мин. nрибыл на дачу."
"1979","3 октября","нераспознанно",None,None,"departure","Уехал на дачу в 18JO."
"1979","7 ноября","нераспознанно",None,None,"departure","В 13.55 Л.И. выехал на прием по случаю б2ой годовщины Великого Октября, выступил на нрнеме с речью."
"1979","12 ноября","нераспознанно",None,None,"departure","Л.И. приехал в Крем.1ь в ll ч. 25 м1ш."
"1979","13 ноября","нераспознанно",None,None,"unknown","В 21.28 Л.И. возвратился на дачу в «ЗаrеЧf>С))."
"1979","14 ноября","нераспознанно",None,None,"departure","В 11l.!!ч.Л.И. приехал в КpeмJll,."
"1979","29 ноября","нераспознанно",None,None,"departure","В 175!! Л.И. выехал на Грановского к ВЛ. •"
"1979","17 декабря","нераспознанно",None,None,"departure","В 18.40 Л.И. выехал на стадион в Луж11ики."
"1980","9 января 1980 r.- среда","нераспознанно",None,None,"departure","В ]QЫJI.И. прибыл в КремJrь."
"1980","1 мая -","нераспознанно",None,None,"departure","Л.И. - в g;ш выехал с дачи из Заречья на Кржную rrJющадь, где находился на трибуне"
"1980","9 июня -","нераспознанно",None,None,"departure","В 1QООЛ.И. приехал в Кремю,."
"1980","25 июня -","нераспознанно",None,None,"departure","В 1 ()00 ч. Л.И. приехал на заключительное заседание сессии ВС."
"1980","19 июля- суббота","нераспознанно",None,None,"departure","В 15Ш!Л.И. выехал из Заречья на Центральный стадион имени В.И. Ленина на торжественное открытие Игр XXII Олимпиады."
"1980","4 октября -","нераспознанно",None,None,"departure","В 111!! выехал в Дом ученых на гражданскую nа нихиду ПД. Тихоновой."
"1980","7 ноября -","нераспознанно",None,None,"departure","В 12.55 выехал на nрием no случаю 63 годовщины Великого Октября. Выстуnил с речью."
"1980","5 декабря -","нераспознанно",None,None,"departure","В 103!1 Л.И. выехал с дачи на Ленинские горы, где провел совещание братских rrартий 110"
"1980","15 декабря -","нераспознанно",None,None,"departure","Л.И. в 1 О ч. 30 мин. приехал в KpeмJit•. I Iерегонорил по тслефону с тт. Павловским И.Г.,"
"1980","22 декабря -","нераспознанно",None,None,"departure","В 18 ч. 30 мин. Л.И. уехал в nоликлинику на Грановского, а оттуда на дачу, куда nрибыл в 19 ч. 30 мин."
"1980","29 декабря-понедельник","нераспознанно",None,None,"departure","Л.И. в 1 О ч. 30 мин. выехал на ЦентраJи,tюе телеrщ1сние для заrнtси Нового;tнсго поздравления Советскому народу."
"1980","29 декабря-понедельник","нераспознанно",None,None,"departure","В 18 ч. 30 мин. Л.И. выехал в поликлиtmку на Грановского, tюсле чего щшбыл на ,1ачу в 19 ч. 20 мин."
"1981","5 января. nонедельник","нераспознанно",None,None,"departure","Л.И. в 1 О ч. 30 мин. выехал с дачи в ГlоJrикJrинику на ул. Грановского, затем в 10 ч. 50 мин."
"1981","3 марта, вторник","нераспознанно",None,None,"departure","В 10.55 Л.И. прибыл в К,ДС, руководиJI заседанием Пленума ЦК КПСС, выступил с закJJючительным словом на XXVI съезде КПСС и объявил о закрытии съезда."
"1981","8 марта. воскресенье","нераспознанно",None,None,"departure","Из «Завидово» Л.И. выехал в 101.0 на дачу в «Заречье>> прибыл в 12зо."
"1981","8 мая. пятница","нераспознанно",None,None,"departure","В 113fl ч. Л.И. выехал в поли кл[ и ни ]куна у л. Грановского, в 1 21!1 ч. возвратился на дачу."
"1981","12 мая, вторник","нераспознанно",None,None,"departure","В 13.00 Л.И. прибыл в рабочий кабинет."
"1981","27 мая, среда","нераспознанно",None,None,"departure","В 12.30 Л.И. прибыл в рабочий кабинет."
"1981","17 июня. среда","нераспознанно",None,None,"departure","Л.И.- выехал из «Заречья» в IQoШ"
"1981","2 июля","нераспознанно",None,None,"departure","В 14.15 Л.И. выехал в особняк на Ленгорах ДJIЯ гrроводов В. Брандта, в 14.30 - во Внуково и после nроводов вернулся на дачу в 15 ч. 35 мин."
"1981","7 сентября. nонедельник","нераспознанно",None,None,"departure","В 18211 выехал на обед в Грановитую палату."
"1981","15 сентября. вторник","нераспознанно",None,None,"departure","В 18lJ! уехал в поли кл[ ин и ]ку. В 191!!! ч. выехал на дачу."
"1981","28 сентября. nонедельник","нераспознанно",None,None,"departure","В 1 O;il) Л.И. выехал с дачи на Грановского и в 1"
"1981","28 сентября. nонедельник","нераспознанно",None,None,"departure","В 1 11.12 вместе с тт. Пономаревым Б. Н., Зимяниным М. В. Л.И. выехал на выставку"
"1981","12 октября. nонедельник","нераспознанно",None,None,"departure","В 10.50Л.И. прибыл на pafJoтy."
"1981","27 октября. вторник","нераспознанно",None,None,"departure","В 18 ч. 25 мин. Л.И. уехал на обед в честь Йеменской делегаuни, tюеле чего вернулеи на дачу в 20.00."
"1981","3 ноября. вторник","нераспознанно",None,None,"departure","Уехал Л.И. в 18:12 в Лужники, на дачу возвратился в 20fЫ."
"1981","7 ноября. суббота","нераспознанно",None,None,"unknown","С 10 до 12!Ю Л.И. находился на трибуне Мавзолея В.И. Ленина на Красной площапи. где проходил военный парад и демонстрация трудящихся г. Москвы."
"1981","16 ноября. nонедельник","нераспознанно",None,None,"unknown","Принял т. Черненко К. У. с 1 рш ДО 14!Ю и с 18!Ю ДО 20!Ю л. и. находился на Пленуме цк кп се."
"1982","28 января. четверг","нераспознанно",None,None,"departure","В 11 ;ш прибыл 11а работу в Кремт,."
"1982","3 марта. среда","нераспознанно",None,None,"departure","В 18iОЛ.И. выехал в театр МХЛТ (на Тверском бульваре) на постановку «Так nобедим»."
"1982","27 марта. суббота","нераспознанно",None,None,"unknown","Л.И. находился в болшице на Грановского."
"1982","26 апреля, понедельник","нераспознанно",None,None,"unknown","Днем выезжал на дачу на nрогулку."
"1982","1 мая. суббота","нераспознанно",None,None,"departure","Л.И. в 9 ч. 35 мин. выехал с дачи на Красную nлощадь."
"1982","17 мая. nонедельник","нераспознанно",None,None,"departure","В 10lli1Jl.И. приехал в КремJJь."
"1982","21 мая. пятница","нераспознанно",None,None,"departure","Л.И. выехал в КдС на заключительное заседание XIX съезда ВЛКСМ."
"1982","24 мая. nонедельник","нераспознанно",None,None,"departure","В l 0.40 Л.И. - прибыл в KpeмJih ( Свердловекий зал). где провел заседание ПБ, а затем руководил работой Пленума ЦК КПСС (выступил с речью)."
"1982","2 июля. пятница","нераспознанно",None,None,"departure","В 13 ч. 1 О мин. Л.И. отбыл в Ялту и в 15 ч. 30 мин. nрибыл на дачу на отдых."
"1982","23 сентября. четверг","нераспознанно",None,None,"departure","В 10.30 JI.И. прибыл в LЩСА, где стоял в почетном карауле у маршала Баграмяна."
